resource_path,relative_path,bundle_id,node_index,extension,size,sha256,manifest_sha256,manifest_hash_match,classification,classification_rule,classification_basis,stage2_validation_status
:/GraphicalEffects/OpacityMaskEffect.qml,GraphicalEffects/OpacityMaskEffect.qml,bundle_000,4,.qml,73,577c9d1d61bdeb68dad0794d50e2f0efcfd41c56d9abae9252daccc64e029635,577c9d1d61bdeb68dad0794d50e2f0efcfd41c56d9abae9252daccc64e029635,True,Qt standard GraphicalEffects,bundle_and_path,"[""RCC bundle_000 contains the deployed GraphicalEffects wrappers"", ""resource_path=:/GraphicalEffects/OpacityMaskEffect.qml""]",rcc_valid_no_v2_match
:/GraphicalEffects/DesaturateEffect.qml,GraphicalEffects/DesaturateEffect.qml,bundle_000,5,.qml,74,f5643432d2862e2e158b9c16b65427e43bb2bda90dfe0f9114d6832d114ed573,f5643432d2862e2e158b9c16b65427e43bb2bda90dfe0f9114d6832d114ed573,True,Qt standard GraphicalEffects,bundle_and_path,"[""RCC bundle_000 contains the deployed GraphicalEffects wrappers"", ""resource_path=:/GraphicalEffects/DesaturateEffect.qml""]",rcc_valid_no_v2_match
:/GraphicalEffects/DropShadowEffect.qml,GraphicalEffects/DropShadowEffect.qml,bundle_000,6,.qml,72,9a5017900885b412d0725c208cb3c716475e6668e1fc134d4663d3b06071caef,9a5017900885b412d0725c208cb3c716475e6668e1fc134d4663d3b06071caef,True,Qt standard GraphicalEffects,bundle_and_path,"[""RCC bundle_000 contains the deployed GraphicalEffects wrappers"", ""resource_path=:/GraphicalEffects/DropShadowEffect.qml""]",rcc_valid_no_v2_match
:/GraphicalEffects/GlowEffect.qml,GraphicalEffects/GlowEffect.qml,bundle_000,7,.qml,68,0cb28ab7301fda8e326ca0c1c74bbb0fb162af18ac0952020eb4537656088474,0cb28ab7301fda8e326ca0c1c74bbb0fb162af18ac0952020eb4537656088474,True,Qt standard GraphicalEffects,bundle_and_path,"[""RCC bundle_000 contains the deployed GraphicalEffects wrappers"", ""resource_path=:/GraphicalEffects/GlowEffect.qml""]",rcc_valid_no_v2_match
:/GraphicalEffects/FastBlurEffect.qml,GraphicalEffects/FastBlurEffect.qml,bundle_000,8,.qml,89,b436de50fc76b3683351d3a9311aded0cc195d0d10f49971f170fd5d96c09048,b436de50fc76b3683351d3a9311aded0cc195d0d10f49971f170fd5d96c09048,True,Qt standard GraphicalEffects,bundle_and_path,"[""RCC bundle_000 contains the deployed GraphicalEffects wrappers"", ""resource_path=:/GraphicalEffects/FastBlurEffect.qml""]",rcc_valid_no_v2_match
:/Controls/ShadowRectangle.qml,Controls/ShadowRectangle.qml,bundle_000,3,.qml,1030,1335d54e2b75e87fcee075d66c521f6473478601a1011b0c11b8fb6d6e86f12b,1335d54e2b75e87fcee075d66c521f6473478601a1011b0c11b8fb6d6e86f12b,True,Qt standard GraphicalEffects,bundle_and_path,"[""RCC bundle_000 contains the deployed GraphicalEffects wrappers"", ""resource_path=:/Controls/ShadowRectangle.qml""]",rcc_valid_no_v2_match
:/firstDiaLog.qml,firstDiaLog.qml,bundle_001,1,.qml,10147,2e4844ac87e21dc7e1091e30bb5a61491fdc54eb70814ce4f46eecfb349a6c73,2e4844ac87e21dc7e1091e30bb5a61491fdc54eb70814ce4f46eecfb349a6c73,True,SmartKey AI core,authoritative_qml_bundle_and_role,"[""QML belongs to RCC bundle_001"", ""used by AI chat/settings/dialog/theme/control flow""]",verified
:/Theme/DarkTheme.qml,Theme/DarkTheme.qml,bundle_001,25,.qml,10667,052e10375ef66f346609b63961f9c927fb52f328443480f981333facc5957af6,052e10375ef66f346609b63961f9c927fb52f328443480f981333facc5957af6,True,SmartKey AI core,authoritative_qml_bundle_and_role,"[""QML belongs to RCC bundle_001"", ""used by AI chat/settings/dialog/theme/control flow""]",rcc_valid_v2_hash_match_path_mismatch
:/Theme/LightTheme.qml,Theme/LightTheme.qml,bundle_001,26,.qml,1349,55d4f75ca1bce2c0ccb9de483b854928a14a7d8c2d4d2cb169188b960db0a76b,55d4f75ca1bce2c0ccb9de483b854928a14a7d8c2d4d2cb169188b960db0a76b,True,SmartKey AI core,authoritative_qml_bundle_and_role,"[""QML belongs to RCC bundle_001"", ""used by AI chat/settings/dialog/theme/control flow""]",rcc_valid_no_v2_match
:/Theme/NeutralTheme.qml,Theme/NeutralTheme.qml,bundle_001,27,.qml,1522,71f8f287bafa2f792af7940c1f158aec5057c2b1e098dad0b025a66a3d2eec40,71f8f287bafa2f792af7940c1f158aec5057c2b1e098dad0b025a66a3d2eec40,True,SmartKey AI core,authoritative_qml_bundle_and_role,"[""QML belongs to RCC bundle_001"", ""used by AI chat/settings/dialog/theme/control flow""]",rcc_valid_no_v2_match
:/SettingsPage.qml,SettingsPage.qml,bundle_001,3,.qml,20700,e8979d4de135b908f82f2ff151ff6f39f343a4659a03ab24c8b6778e33eed822,e8979d4de135b908f82f2ff151ff6f39f343a4659a03ab24c8b6778e33eed822,True,SmartKey AI core,authoritative_qml_bundle_and_role,"[""QML belongs to RCC bundle_001"", ""used by AI chat/settings/dialog/theme/control flow""]",verified
:/TrayIconMenu.qml,TrayIconMenu.qml,bundle_001,4,.qml,11181,dc32c1aa2a5974e66c742130db7911475ee87c661ad4286638e03190e9071bce,dc32c1aa2a5974e66c742130db7911475ee87c661ad4286638e03190e9071bce,True,Rapoo device/shared,known_device_context_usage,"[""references device_list_HL/configure_Manager/kb_travelDistance_manager or device UI flow"", ""resource_path=:/TrayIconMenu.qml""]",verified
:/GuideWindow.qml,GuideWindow.qml,bundle_001,5,.qml,5689,9d349090cb767e43e1ae818fa40175bc1d36ddcabd4e360659ed16408255d94f,9d349090cb767e43e1ae818fa40175bc1d36ddcabd4e360659ed16408255d94f,True,Rapoo device/shared,known_device_context_usage,"[""references device_list_HL/configure_Manager/kb_travelDistance_manager or device UI flow"", ""resource_path=:/GuideWindow.qml""]",verified
:/Component/SwitchView.qml,Component/SwitchView.qml,bundle_001,23,.qml,2852,9d9c00ef504f727c8c6beb8c0acaba1a624648654bb5f746222ceccc5a7b582e,9d9c00ef504f727c8c6beb8c0acaba1a624648654bb5f746222ceccc5a7b582e,True,Rapoo device/shared,known_device_context_usage,"[""references device_list_HL/configure_Manager/kb_travelDistance_manager or device UI flow"", ""resource_path=:/Component/SwitchView.qml""]",rcc_valid_no_v2_match
:/Component/WindowTitleBar.qml,Component/WindowTitleBar.qml,bundle_001,24,.qml,12414,9ba0649227af804da29899965404efe6c3a26d8b9c42a97192e37c07fd4e819f,9ba0649227af804da29899965404efe6c3a26d8b9c42a97192e37c07fd4e819f,True,Rapoo device/shared,known_device_context_usage,"[""references device_list_HL/configure_Manager/kb_travelDistance_manager or device UI flow"", ""resource_path=:/Component/WindowTitleBar.qml""]",rcc_valid_v2_hash_match_path_mismatch
:/DialogModule/DialogPanel.qml,DialogModule/DialogPanel.qml,bundle_001,20,.qml,21313,49b1e4812696606d479fb3ae1c2f7093178004f521b9629a00aea089d1deb660,49b1e4812696606d479fb3ae1c2f7093178004f521b9629a00aea089d1deb660,True,SmartKey AI core,authoritative_qml_bundle_and_role,"[""QML belongs to RCC bundle_001"", ""used by AI chat/settings/dialog/theme/control flow""]",rcc_valid_v2_hash_match_path_mismatch
:/DialogModule/ChatHistory.qml,DialogModule/ChatHistory.qml,bundle_001,21,.qml,9171,5432b04fc92595980f9e985b82bff877576fa8353ddbb13804ac39dc90960a9c,5432b04fc92595980f9e985b82bff877576fa8353ddbb13804ac39dc90960a9c,True,SmartKey AI core,authoritative_qml_bundle_and_role,"[""QML belongs to RCC bundle_001"", ""used by AI chat/settings/dialog/theme/control flow""]",rcc_valid_v2_hash_match_path_mismatch
:/DialogModule/MorePopup.qml,DialogModule/MorePopup.qml,bundle_001,22,.qml,4005,e38239156aae7bd0fbe18b16148aa329163d7d3309928a4e0a345d5e67311622,e38239156aae7bd0fbe18b16148aa329163d7d3309928a4e0a345d5e67311622,True,SmartKey AI core,authoritative_qml_bundle_and_role,"[""QML belongs to RCC bundle_001"", ""used by AI chat/settings/dialog/theme/control flow""]",rcc_valid_v2_hash_match_path_mismatch
:/MainView.qml,MainView.qml,bundle_001,8,.qml,32364,794ee9881ce5dd352381ec2b26c7cb6f6b91990ddf98fa00a6810d209292f1a8,794ee9881ce5dd352381ec2b26c7cb6f6b91990ddf98fa00a6810d209292f1a8,True,SmartKey AI core,authoritative_qml_bundle_and_role,"[""QML belongs to RCC bundle_001"", ""used by AI chat/settings/dialog/theme/control flow""]",rcc_valid_v2_hash_match_path_mismatch
:/Controls/PushButton.qml,Controls/PushButton.qml,bundle_001,12,.qml,2627,56f45f1d4d4a6ffc350cd63685eaeed8ef1e319c5e7644d53d80e6f04c173902,56f45f1d4d4a6ffc350cd63685eaeed8ef1e319c5e7644d53d80e6f04c173902,True,SmartKey AI core,authoritative_qml_bundle_and_role,"[""QML belongs to RCC bundle_001"", ""used by AI chat/settings/dialog/theme/control flow""]",rcc_valid_no_v2_match
:/Controls/CustomToggleButton.qml,Controls/CustomToggleButton.qml,bundle_001,13,.qml,766,6f99b7f5da6a555a860097902fef20af2671c48900c60f38778d3fb472fd421d,6f99b7f5da6a555a860097902fef20af2671c48900c60f38778d3fb472fd421d,True,SmartKey AI core,authoritative_qml_bundle_and_role,"[""QML belongs to RCC bundle_001"", ""used by AI chat/settings/dialog/theme/control flow""]",rcc_valid_no_v2_match
:/Controls/CustomRadioButton2.qml,Controls/CustomRadioButton2.qml,bundle_001,14,.qml,960,eb2b96befa2ccf9a3553cbc550218924e362067b4b66a1f6b1a43b6a3673e981,eb2b96befa2ccf9a3553cbc550218924e362067b4b66a1f6b1a43b6a3673e981,True,SmartKey AI core,authoritative_qml_bundle_and_role,"[""QML belongs to RCC bundle_001"", ""used by AI chat/settings/dialog/theme/control flow""]",rcc_valid_no_v2_match
:/Controls/ImageButton.qml,Controls/ImageButton.qml,bundle_001,15,.qml,1484,f6d571386637bb85d63a8d74a1b977265eceee32eba18aa78e3351041fe26629,f6d571386637bb85d63a8d74a1b977265eceee32eba18aa78e3351041fe26629,True,SmartKey AI core,authoritative_qml_bundle_and_role,"[""QML belongs to RCC bundle_001"", ""used by AI chat/settings/dialog/theme/control flow""]",rcc_valid_no_v2_match
:/Controls/CustomToolTip.qml,Controls/CustomToolTip.qml,bundle_001,16,.qml,1018,4c0d0a980c91bd0dadaadb5af304bdbf8560ae1be3ff4f1c438b7f3e11538cb8,4c0d0a980c91bd0dadaadb5af304bdbf8560ae1be3ff4f1c438b7f3e11538cb8,True,SmartKey AI core,authoritative_qml_bundle_and_role,"[""QML belongs to RCC bundle_001"", ""used by AI chat/settings/dialog/theme/control flow""]",rcc_valid_no_v2_match
:/Controls/CustomSensitivitySlider1_New.qml,Controls/CustomSensitivitySlider1_New.qml,bundle_001,17,.qml,13182,b54d82f69ac995f81b3d1dd2b6e1ef3bbdcd726be9744959937276d85f22544b,b54d82f69ac995f81b3d1dd2b6e1ef3bbdcd726be9744959937276d85f22544b,True,Rapoo device/shared,known_device_context_usage,"[""references device_list_HL/configure_Manager/kb_travelDistance_manager or device UI flow"", ""resource_path=:/Controls/CustomSensitivitySlider1_New.qml""]",rcc_valid_v2_hash_match_path_mismatch
:/Controls/CustomSensitivitySlider1.qml,Controls/CustomSensitivitySlider1.qml,bundle_001,18,.qml,11576,7c5ba0930264653e5e19b7ddaf37da360c4539777ab679e98bbb670fe765e3c4,7c5ba0930264653e5e19b7ddaf37da360c4539777ab679e98bbb670fe765e3c4,True,Rapoo device/shared,known_device_context_usage,"[""references device_list_HL/configure_Manager/kb_travelDistance_manager or device UI flow"", ""resource_path=:/Controls/CustomSensitivitySlider1.qml""]",rcc_valid_v2_hash_match_path_mismatch
:/Controls/SelectableText.qml,Controls/SelectableText.qml,bundle_001,19,.qml,847,e470ae727201254c2fbf61027b4cef92ade10aecda1e0c1aed08d39d4f743259,e470ae727201254c2fbf61027b4cef92ade10aecda1e0c1aed08d39d4f743259,True,SmartKey AI core,authoritative_qml_bundle_and_role,"[""QML belongs to RCC bundle_001"", ""used by AI chat/settings/dialog/theme/control flow""]",rcc_valid_no_v2_match
:/FontManager.qml,FontManager.qml,bundle_001,10,.qml,1235,5da31f73af22a50915ec154a9be5265025c190f05330ccb4dd5b1051df5b804a,5da31f73af22a50915ec154a9be5265025c190f05330ccb4dd5b1051df5b804a,True,SmartKey AI core,authoritative_qml_bundle_and_role,"[""QML belongs to RCC bundle_001"", ""used by AI chat/settings/dialog/theme/control flow""]",rcc_valid_v2_hash_match_path_mismatch
:/updateWindow.qml,updateWindow.qml,bundle_001,11,.qml,7344,4edafa49f1155cf00eb762d1e6f1768fc719f4f413b4433c81aa04170b42798f,4edafa49f1155cf00eb762d1e6f1768fc719f4f413b4433c81aa04170b42798f,True,SmartKey AI core,authoritative_qml_bundle_and_role,"[""QML belongs to RCC bundle_001"", ""used by AI chat/settings/dialog/theme/control flow""]",verified
:/Font/oppo/OPPOSans-R.ttf,Font/oppo/OPPOSans-R.ttf,bundle_002,235,.ttf,10152780,ea92535935f8b5da18b64bb23e5ffbfef1417b7ae4ff3fc15372a65ee95a9580,ea92535935f8b5da18b64bb23e5ffbfef1417b7ae4ff3fc15372a65ee95a9580,True,font/image asset,file_type_and_path,"[""extension=.ttf"", ""non-QML payload under recovered Font/Image asset bundle""]",rcc_valid_no_v2_match
:/Font/oppo/OPPOSans-H.ttf,Font/oppo/OPPOSans-H.ttf,bundle_002,236,.ttf,2219752,cdfdaf7dbadaccdef6186cf806f50681016398065f97cd0dcadcb3a5398a502a,cdfdaf7dbadaccdef6186cf806f50681016398065f97cd0dcadcb3a5398a502a,True,font/image asset,file_type_and_path,"[""extension=.ttf"", ""non-QML payload under recovered Font/Image asset bundle""]",rcc_valid_no_v2_match
:/Font/oppo/OPPOSans-L.ttf,Font/oppo/OPPOSans-L.ttf,bundle_002,237,.ttf,2340400,78d34ffeb82e6890b470bcf34941f4ad22f15c49b59c43ac75fdeac390adc612,78d34ffeb82e6890b470bcf34941f4ad22f15c49b59c43ac75fdeac390adc612,True,font/image asset,file_type_and_path,"[""extension=.ttf"", ""non-QML payload under recovered Font/Image asset bundle""]",rcc_valid_no_v2_match
:/Font/oppo/OPPOSans-M.ttf,Font/oppo/OPPOSans-M.ttf,bundle_002,238,.ttf,10080628,44c41d8adcee4e2ae82ca9475204dc9f7945046df88da199bbeef82fc4106c59,44c41d8adcee4e2ae82ca9475204dc9f7945046df88da199bbeef82fc4106c59,True,font/image asset,file_type_and_path,"[""extension=.ttf"", ""non-QML payload under recovered Font/Image asset bundle""]",rcc_valid_no_v2_match
:/Font/oppo/OPPOSans-B.ttf,Font/oppo/OPPOSans-B.ttf,bundle_002,239,.ttf,9897168,b18bfbabca7af99e8dc12a1a834a5b98a0f69a1a081c972fb6b72cd807db4612,b18bfbabca7af99e8dc12a1a834a5b98a0f69a1a081c972fb6b72cd807db4612,True,font/image asset,file_type_and_path,"[""extension=.ttf"", ""non-QML payload under recovered Font/Image asset bundle""]",rcc_valid_no_v2_match
:/Font/barlow/Barlow-BlackItalic.otf,Font/barlow/Barlow-BlackItalic.otf,bundle_002,232,.otf,71992,cfef278898597416e9baa3a4951591726d66d990bd85d113420cdb0fcaad4ee5,cfef278898597416e9baa3a4951591726d66d990bd85d113420cdb0fcaad4ee5,True,font/image asset,file_type_and_path,"[""extension=.otf"", ""non-QML payload under recovered Font/Image asset bundle""]",rcc_valid_no_v2_match
:/Font/barlow/Barlow-BoldItalic.otf,Font/barlow/Barlow-BoldItalic.otf,bundle_002,233,.otf,74936,c0fea1307d48ad3dca027035fd2e8d061f444e3c8f05549e5a813081d7b4a79e,c0fea1307d48ad3dca027035fd2e8d061f444e3c8f05549e5a813081d7b4a79e,True,font/image asset,file_type_and_path,"[""extension=.otf"", ""non-QML payload under recovered Font/Image asset bundle""]",rcc_valid_no_v2_match
:/Font/barlow/Barlow-Medium.otf,Font/barlow/Barlow-Medium.otf,bundle_002,234,.otf,59304,f4c4903bdafcaa4fe5a26d048dac910f71981342cdbf62a969d7005d4205445e,f4c4903bdafcaa4fe5a26d048dac910f71981342cdbf62a969d7005d4205445e,True,font/image asset,file_type_and_path,"[""extension=.otf"", ""non-QML payload under recovered Font/Image asset bundle""]",rcc_valid_no_v2_match
:/Image/Log/prompt_error.svg,Image/Log/prompt_error.svg,bundle_002,224,.svg,405,d950e812a0e8bad65479160359e493f77870aae4688b0c8700b22007bf36d6ec,d950e812a0e8bad65479160359e493f77870aae4688b0c8700b22007bf36d6ec,True,font/image asset,file_type_and_path,"[""extension=.svg"", ""non-QML payload under recovered Font/Image asset bundle""]",rcc_valid_no_v2_match
:/Image/Log/prompt_warn.svg,Image/Log/prompt_warn.svg,bundle_002,225,.svg,405,3ba2cd559705a1c7657ee5bf9b0025d6d75f8b069aca40a154cbf9e811849c09,3ba2cd559705a1c7657ee5bf9b0025d6d75f8b069aca40a154cbf9e811849c09,True,font/image asset,file_type_and_path,"[""extension=.svg"", ""non-QML payload under recovered Font/Image asset bundle""]",rcc_valid_no_v2_match
:/Image/Log/com.rapoo.smartkey.icns,Image/Log/com.rapoo.smartkey.icns,bundle_002,226,.icns,1152608,380313c5ca9c027aedd071fc070fd57bb584191f4123cd676aad3a0ab28f13dd,380313c5ca9c027aedd071fc070fd57bb584191f4123cd676aad3a0ab28f13dd,True,font/image asset,file_type_and_path,"[""extension=.icns"", ""non-QML payload under recovered Font/Image asset bundle""]",rcc_valid_no_v2_match
:/Image/Log/prompt_normal.svg,Image/Log/prompt_normal.svg,bundle_002,227,.svg,399,4759be9ee3f259980ee5703c6270ad5a73fdf3fbfed52d4beb41caa729eb4bd5,4759be9ee3f259980ee5703c6270ad5a73fdf3fbfed52d4beb41caa729eb4bd5,True,font/image asset,file_type_and_path,"[""extension=.svg"", ""non-QML payload under recovered Font/Image asset bundle""]",rcc_valid_no_v2_match
:/Image/Log/com.rapoo.smartkey.ico,Image/Log/com.rapoo.smartkey.ico,bundle_002,228,.ico,32222,985a8305bf919891a174aed755c2e7836094c660b9092d7dc9eba4aee32c0521,985a8305bf919891a174aed755c2e7836094c660b9092d7dc9eba4aee32c0521,True,font/image asset,file_type_and_path,"[""extension=.ico"", ""non-QML payload under recovered Font/Image asset bundle""]",rcc_valid_no_v2_match
:/Image/Log/prompt_success.svg,Image/Log/prompt_success.svg,bundle_002,229,.svg,416,08f5e4389f2c38aff1bd19236fd571f2d1f93c5b3f753e60f3116d718a79ee20,08f5e4389f2c38aff1bd19236fd571f2d1f93c5b3f753e60f3116d718a79ee20,True,font/image asset,file_type_and_path,"[""extension=.svg"", ""non-QML payload under recovered Font/Image asset bundle""]",rcc_valid_no_v2_match
:/Image/Icon/regenerate_normal.svg,Image/Icon/regenerate_normal.svg,bundle_002,176,.svg,605,f395d6606d99963f880094a7f34b5572219991dd497b3268d7f654b15fbb9e56,f395d6606d99963f880094a7f34b5572219991dd497b3268d7f654b15fbb9e56,True,font/image asset,file_type_and_path,"[""extension=.svg"", ""non-QML payload under recovered Font/Image asset bundle""]",rcc_valid_no_v2_match
:/Image/Icon/history_unable.svg,Image/Icon/history_unable.svg,bundle_002,177,.svg,2380,db8ed8d3afda34745f201481f1d18e49b2097a4a6ac5939ee44dbe7ffe551a25,db8ed8d3afda34745f201481f1d18e49b2097a4a6ac5939ee44dbe7ffe551a25,True,font/image asset,file_type_and_path,"[""extension=.svg"", ""non-QML payload under recovered Font/Image asset bundle""]",rcc_valid_no_v2_match
:/Image/Icon/search_normal.svg,Image/Icon/search_normal.svg,bundle_002,178,.svg,2924,06ba22b41f2dd2f4234fa8fe4180f0c9aca753d755062f6579f2a19478643cb3,06ba22b41f2dd2f4234fa8fe4180f0c9aca753d755062f6579f2a19478643cb3,True,font/image asset,file_type_and_path,"[""extension=.svg"", ""non-QML payload under recovered Font/Image asset bundle""]",rcc_valid_no_v2_match
:/Image/Icon/pullUp.svg,Image/Icon/pullUp.svg,bundle_002,179,.svg,256,ab2695ba449289a4f0a3513c9c3a4a391142f457e2eb7a5d6032275642ec40c8,ab2695ba449289a4f0a3513c9c3a4a391142f457e2eb7a5d6032275642ec40c8,True,font/image asset,file_type_and_path,"[""extension=.svg"", ""non-QML payload under recovered Font/Image asset bundle""]",rcc_valid_no_v2_match
:/Image/Icon/pullUp.png,Image/Icon/pullUp.png,bundle_002,180,.png,1405,326be8c4e446ddac384a0f16f58e75abe6cf76ad339158c0ac970189b7c9e4fe,326be8c4e446ddac384a0f16f58e75abe6cf76ad339158c0ac970189b7c9e4fe,True,font/image asset,file_type_and_path,"[""extension=.png"", ""non-QML payload under recovered Font/Image asset bundle""]",rcc_valid_no_v2_match
:/Image/Icon/topScreen_normal.svg,Image/Icon/topScreen_normal.svg,bundle_002,181,.svg,1196,dc0a28af6459ee60c69220422d02c03db168c814879f2c66c8381a76870975c3,dc0a28af6459ee60c69220422d02c03db168c814879f2c66c8381a76870975c3,True,font/image asset,file_type_and_path,"[""extension=.svg"", ""non-QML payload under recovered Font/Image asset bundle""]",rcc_valid_no_v2_match
:/Image/Icon/topScreen_checked_hover.svg,Image/Icon/topScreen_checked_hover.svg,bundle_002,182,.svg,1250,1095b5709188ad4ecf3e780e66faf740cea2699d8714f8e6d3a4437b740a602a,1095b5709188ad4ecf3e780e66faf740cea2699d8714f8e6d3a4437b740a602a,True,font/image asset,file_type_and_path,"[""extension=.svg"", ""non-QML payload under recovered Font/Image asset bundle""]",rcc_valid_no_v2_match
:/Image/Icon/more_normal.svg,Image/Icon/more_normal.svg,bundle_002,183,.svg,330,516baf93e6d383e9efe77bc274fc570d8502457f1f4db872c149ceaefa825054,516baf93e6d383e9efe77bc274fc570d8502457f1f4db872c149ceaefa825054,True,font/image asset,file_type_and_path,"[""extension=.svg"", ""non-QML payload under recovered Font/Image asset bundle""]",rcc_valid_no_v2_match
:/Image/Icon/DeepSeek.png,Image/Icon/DeepSeek.png,bundle_002,184,.png,5401,7e81e1fea9262b14718141ae773ccf24fb38ee2aba17b09bbc650aa5ecc36b3a,7e81e1fea9262b14718141ae773ccf24fb38ee2aba17b09bbc650aa5ecc36b3a,True,font/image asset,file_type_and_path,"[""extension=.png"", ""non-QML payload under recovered Font/Image asset bundle""]",rcc_valid_no_v2_match
:/Image/Icon/topScreed_pressed.svg,Image/Icon/topScreed_pressed.svg,bundle_002,185,.svg,1242,9b81ce01215f5455457981267f03dfdddc20b1c18fe666f7a0ef6caed6060659,9b81ce01215f5455457981267f03dfdddc20b1c18fe666f7a0ef6caed6060659,True,font/image asset,file_type_and_path,"[""extension=.svg"", ""non-QML payload under recovered Font/Image asset bundle""]",rcc_valid_no_v2_match
:/Image/Icon/search_pressed.svg,Image/Icon/search_pressed.svg,bundle_002,186,.svg,2893,5ac2b32a1f1658af27c1dcc4506f2cfc0c1e4c0e7e9029230126742e91b97044,5ac2b32a1f1658af27c1dcc4506f2cfc0c1e4c0e7e9029230126742e91b97044,True,font/image asset,file_type_and_path,"[""extension=.svg"", ""non-QML payload under recovered Font/Image asset bundle""]",rcc_valid_no_v2_match
:/Image/Icon/rBtn_unchecked_dark.svg,Image/Icon/rBtn_unchecked_dark.svg,bundle_002,187,.svg,249,130d6a76b15ff7ae286ab74e1455aae36242450b8ebe385af1022d450e3e013b,130d6a76b15ff7ae286ab74e1455aae36242450b8ebe385af1022d450e3e013b,True,font/image asset,file_type_and_path,"[""extension=.svg"", ""non-QML payload under recovered Font/Image asset bundle""]",rcc_valid_no_v2_match
:/Image/Icon/rBtn_noEnabled.svg,Image/Icon/rBtn_noEnabled.svg,bundle_002,188,.svg,226,27accf97eb59d52a43ca987451143157114510ba320fcdfe47750753a4b2c271,27accf97eb59d52a43ca987451143157114510ba320fcdfe47750753a4b2c271,True,font/image asset,file_type_and_path,"[""extension=.svg"", ""non-QML payload under recovered Font/Image asset bundle""]",rcc_valid_no_v2_match
:/Image/Icon/rename_normal.svg,Image/Icon/rename_normal.svg,bundle_002,189,.svg,639,8b1d39e5f7951e44d4f6eb9f6feed0d33197b3b0a8caf2ce34cd3b832b69f528,8b1d39e5f7951e44d4f6eb9f6feed0d33197b3b0a8caf2ce34cd3b832b69f528,True,font/image asset,file_type_and_path,"[""extension=.svg"", ""non-QML payload under recovered Font/Image asset bundle""]",rcc_valid_no_v2_match
:/Image/Icon/copy_hovered.svg,Image/Icon/copy_hovered.svg,bundle_002,190,.svg,737,f2a975e8a966996f1e92813ab6721372155354bdb43bbbccf7a883e1e05d8ff5,f2a975e8a966996f1e92813ab6721372155354bdb43bbbccf7a883e1e05d8ff5,True,font/image asset,file_type_and_path,"[""extension=.svg"", ""non-QML payload under recovered Font/Image asset bundle""]",rcc_valid_no_v2_match
:/Image/Icon/reason_pressed.svg,Image/Icon/reason_pressed.svg,bundle_002,191,.svg,1243,e17d93005e86279c77fd3966fc5623e2c4deab7e2fdcbf40874f206fd8f54370,e17d93005e86279c77fd3966fc5623e2c4deab7e2fdcbf40874f206fd8f54370,True,font/image asset,file_type_and_path,"[""extension=.svg"", ""non-QML payload under recovered Font/Image asset bundle""]",rcc_valid_no_v2_match
:/Image/Icon/copy_pressed.svg,Image/Icon/copy_pressed.svg,bundle_002,192,.svg,706,92cfc2f6ad14af6ee36dfa6ff1ef634beb9a04266026dfdfd2c3aa3a027e25a9,92cfc2f6ad14af6ee36dfa6ff1ef634beb9a04266026dfdfd2c3aa3a027e25a9,True,font/image asset,file_type_and_path,"[""extension=.svg"", ""non-QML payload under recovered Font/Image asset bundle""]",rcc_valid_no_v2_match
:/Image/Icon/topScreen_checked.svg,Image/Icon/topScreen_checked.svg,bundle_002,193,.svg,1250,47656391d04d3c64517894d10a7904b60f5066a4c631b9d6a1de5960d8a87cac,47656391d04d3c64517894d10a7904b60f5066a4c631b9d6a1de5960d8a87cac,True,font/image asset,file_type_and_path,"[""extension=.svg"", ""non-QML payload under recovered Font/Image asset bundle""]",rcc_valid_no_v2_match
:/Image/Icon/chatHistory.svg,Image/Icon/chatHistory.svg,bundle_002,194,.svg,1571,fc491168a896fa920276bebf526cea35ec9139035fcf44a95f6f41e58bc566c2,fc491168a896fa920276bebf526cea35ec9139035fcf44a95f6f41e58bc566c2,True,font/image asset,file_type_and_path,"[""extension=.svg"", ""non-QML payload under recovered Font/Image asset bundle""]",rcc_valid_no_v2_match
:/Image/Icon/delete_normal.svg,Image/Icon/delete_normal.svg,bundle_002,195,.svg,474,dbee9c6cc8c29d14fecb40ec1e9752f2943acf4e9fbdb3ece71a88c0f4bf9e55,dbee9c6cc8c29d14fecb40ec1e9752f2943acf4e9fbdb3ece71a88c0f4bf9e55,True,font/image asset,file_type_and_path,"[""extension=.svg"", ""non-QML payload under recovered Font/Image asset bundle""]",rcc_valid_no_v2_match
:/Image/Icon/empty.svg,Image/Icon/empty.svg,bundle_002,196,.svg,3094,2513d9626076ae018b30ac4b08ec5525fb028bd2a6d2299fc2ca9367cd9111eb,2513d9626076ae018b30ac4b08ec5525fb028bd2a6d2299fc2ca9367cd9111eb,True,font/image asset,file_type_and_path,"[""extension=.svg"", ""non-QML payload under recovered Font/Image asset bundle""]",rcc_valid_no_v2_match
:/Image/Icon/topScreen_hover.svg,Image/Icon/topScreen_hover.svg,bundle_002,197,.svg,1272,38c23447cd909a507e5239fbd5af42560d749e02c836228b83324023525c6f01,38c23447cd909a507e5239fbd5af42560d749e02c836228b83324023525c6f01,True,font/image asset,file_type_and_path,"[""extension=.svg"", ""non-QML payload under recovered Font/Image asset bundle""]",rcc_valid_no_v2_match
:/Image/Icon/send_disabled.svg,Image/Icon/send_disabled.svg,bundle_002,198,.svg,507,3174a513d940a3814abbe3fd30ed901163a58cf945b3005ef99d5e5a1f2369ba,3174a513d940a3814abbe3fd30ed901163a58cf945b3005ef99d5e5a1f2369ba,True,font/image asset,file_type_and_path,"[""extension=.svg"", ""non-QML payload under recovered Font/Image asset bundle""]",rcc_valid_no_v2_match
:/Image/Icon/copy_disabled.svg,Image/Icon/copy_disabled.svg,bundle_002,199,.svg,706,d340e15ae4a9fed7381a4f477dac8e75a2d9d26eb6c366ec45c8d80b06f663f0,d340e15ae4a9fed7381a4f477dac8e75a2d9d26eb6c366ec45c8d80b06f663f0,True,font/image asset,file_type_and_path,"[""extension=.svg"", ""non-QML payload under recovered Font/Image asset bundle""]",rcc_valid_no_v2_match
:/Image/Icon/guide_image.svg,Image/Icon/guide_image.svg,bundle_002,200,.svg,31149,5f9d171e65e589d15c87368609894e2e65b2919559dbd1b65468e925cfdcc48c,5f9d171e65e589d15c87368609894e2e65b2919559dbd1b65468e925cfdcc48c,True,font/image asset,file_type_and_path,"[""extension=.svg"", ""non-QML payload under recovered Font/Image asset bundle""]",rcc_valid_no_v2_match
:/Image/Icon/rBtn_checked.svg,Image/Icon/rBtn_checked.svg,bundle_002,201,.svg,316,34d7c78acee7f38de11b2bed87a0d4f1918a5b1192b57af3e7e36ef409f680d5,34d7c78acee7f38de11b2bed87a0d4f1918a5b1192b57af3e7e36ef409f680d5,True,font/image asset,file_type_and_path,"[""extension=.svg"", ""non-QML payload under recovered Font/Image asset bundle""]",rcc_valid_no_v2_match
:/Image/Icon/dropDown_normal.svg,Image/Icon/dropDown_normal.svg,bundle_002,202,.svg,231,2db3d6cd66f9ec3a056155bfd1e8bc6d77c030aaa369624f0adc339cd0b57292,2db3d6cd66f9ec3a056155bfd1e8bc6d77c030aaa369624f0adc339cd0b57292,True,font/image asset,file_type_and_path,"[""extension=.svg"", ""non-QML payload under recovered Font/Image asset bundle""]",rcc_valid_no_v2_match
:/Image/Icon/regenerate_disabled.svg,Image/Icon/regenerate_disabled.svg,bundle_002,203,.svg,605,6c3c8b7f2ecfc8e3f16685a6640bbf03d57a46fe7a15a593d3d0a38d4cb5edb4,6c3c8b7f2ecfc8e3f16685a6640bbf03d57a46fe7a15a593d3d0a38d4cb5edb4,True,font/image asset,file_type_and_path,"[""extension=.svg"", ""non-QML payload under recovered Font/Image asset bundle""]",rcc_valid_no_v2_match
:/Image/Icon/rBtn_enabled.svg,Image/Icon/rBtn_enabled.svg,bundle_002,204,.svg,333,667a74ac6c35faf4b09723ac8f92feaf6a30b822b57d92400efc98a8468fe7c4,667a74ac6c35faf4b09723ac8f92feaf6a30b822b57d92400efc98a8468fe7c4,True,font/image asset,file_type_and_path,"[""extension=.svg"", ""non-QML payload under recovered Font/Image asset bundle""]",rcc_valid_no_v2_match
:/Image/Icon/history_hovered.svg,Image/Icon/history_hovered.svg,bundle_002,205,.svg,2313,9332afb4a0f744feea0e18c2ddd8793a3d4212aabdcb9b49e4f105808e27c1c3,9332afb4a0f744feea0e18c2ddd8793a3d4212aabdcb9b49e4f105808e27c1c3,True,font/image asset,file_type_and_path,"[""extension=.svg"", ""non-QML payload under recovered Font/Image asset bundle""]",rcc_valid_no_v2_match
:/Image/Icon/send_normal.svg,Image/Icon/send_normal.svg,bundle_002,206,.svg,540,4eb91572db3a811548bb7a34fc046cc2280c09e6352a5bf3f4dcf00ac9768d72,4eb91572db3a811548bb7a34fc046cc2280c09e6352a5bf3f4dcf00ac9768d72,True,font/image asset,file_type_and_path,"[""extension=.svg"", ""non-QML payload under recovered Font/Image asset bundle""]",rcc_valid_no_v2_match
:/Image/Icon/newChat_disabled.svg,Image/Icon/newChat_disabled.svg,bundle_002,207,.svg,1411,4757ee91a2aeba220ffaed75040be1659e72eba1914aee2d0d069f7455f43ba3,4757ee91a2aeba220ffaed75040be1659e72eba1914aee2d0d069f7455f43ba3,True,font/image asset,file_type_and_path,"[""extension=.svg"", ""non-QML payload under recovered Font/Image asset bundle""]",rcc_valid_no_v2_match
:/Image/Icon/history_normal.svg,Image/Icon/history_normal.svg,bundle_002,208,.svg,2313,5bd26078cf609bb259d359e0ad87a0277a12d90df5d60b70433e63fec9a4a685,5bd26078cf609bb259d359e0ad87a0277a12d90df5d60b70433e63fec9a4a685,True,font/image asset,file_type_and_path,"[""extension=.svg"", ""non-QML payload under recovered Font/Image asset bundle""]",rcc_valid_no_v2_match
:/Image/Icon/history_pressed.svg,Image/Icon/history_pressed.svg,bundle_002,209,.svg,2458,8620bc7f7478d2c5c07e6c6ef229912ab947cc10581970c1aee3f23a699dc7db,8620bc7f7478d2c5c07e6c6ef229912ab947cc10581970c1aee3f23a699dc7db,True,font/image asset,file_type_and_path,"[""extension=.svg"", ""non-QML payload under recovered Font/Image asset bundle""]",rcc_valid_no_v2_match
:/Image/Icon/history_disabled.svg,Image/Icon/history_disabled.svg,bundle_002,210,.svg,2380,db8ed8d3afda34745f201481f1d18e49b2097a4a6ac5939ee44dbe7ffe551a25,db8ed8d3afda34745f201481f1d18e49b2097a4a6ac5939ee44dbe7ffe551a25,True,font/image asset,file_type_and_path,"[""extension=.svg"", ""non-QML payload under recovered Font/Image asset bundle""]",rcc_valid_no_v2_match
:/Image/Icon/send_hovered.svg,Image/Icon/send_hovered.svg,bundle_002,211,.svg,755,9853839f919e09770cf101430798fab76fad4aaa39563caa68d6128f652c7456,9853839f919e09770cf101430798fab76fad4aaa39563caa68d6128f652c7456,True,font/image asset,file_type_and_path,"[""extension=.svg"", ""non-QML payload under recovered Font/Image asset bundle""]",rcc_valid_no_v2_match
:/Image/Icon/send.png,Image/Icon/send.png,bundle_002,212,.png,1235,800640cfe766fe5d9dfe592062647697e7275555b405ba4ddf62e2f19c39763b,800640cfe766fe5d9dfe592062647697e7275555b405ba4ddf62e2f19c39763b,True,font/image asset,file_type_and_path,"[""extension=.png"", ""non-QML payload under recovered Font/Image asset bundle""]",rcc_valid_no_v2_match
:/Image/Icon/rBtn_unchecked_day.svg,Image/Icon/rBtn_unchecked_day.svg,bundle_002,213,.svg,234,7bd4aaa55c115f72d285680b9754136abbac3baa97985f29f4eb1ad621bf26b0,7bd4aaa55c115f72d285680b9754136abbac3baa97985f29f4eb1ad621bf26b0,True,font/image asset,file_type_and_path,"[""extension=.svg"", ""non-QML payload under recovered Font/Image asset bundle""]",rcc_valid_no_v2_match
:/Image/Icon/copy_normal.svg,Image/Icon/copy_normal.svg,bundle_002,214,.svg,706,4c0efcc0c8f598b71e95a51b7546b178bef026ae416f259c7e532d9882875c4e,4c0efcc0c8f598b71e95a51b7546b178bef026ae416f259c7e532d9882875c4e,True,font/image asset,file_type_and_path,"[""extension=.svg"", ""non-QML payload under recovered Font/Image asset bundle""]",rcc_valid_no_v2_match
:/Image/Icon/send_pressed.svg,Image/Icon/send_pressed.svg,bundle_002,215,.svg,505,4b7998c8298fd1f5cde6e6fbb3e526526bef7d7c70d5d30ddf3e8c9547fb02ab,4b7998c8298fd1f5cde6e6fbb3e526526bef7d7c70d5d30ddf3e8c9547fb02ab,True,font/image asset,file_type_and_path,"[""extension=.svg"", ""non-QML payload under recovered Font/Image asset bundle""]",rcc_valid_no_v2_match
:/Image/Icon/more_hovered.svg,Image/Icon/more_hovered.svg,bundle_002,216,.svg,331,b960ac2a2198995c3632ccbb2ce3c312e298b96eed297920bef44e63c5d6747b,b960ac2a2198995c3632ccbb2ce3c312e298b96eed297920bef44e63c5d6747b,True,font/image asset,file_type_and_path,"[""extension=.svg"", ""non-QML payload under recovered Font/Image asset bundle""]",rcc_valid_no_v2_match
:/Image/Icon/newChat_pressed.svg,Image/Icon/newChat_pressed.svg,bundle_002,217,.svg,1405,8a53ac79d7639e8526120c2e233eabd6ba941981b304ebb04895d1af64374d95,8a53ac79d7639e8526120c2e233eabd6ba941981b304ebb04895d1af64374d95,True,font/image asset,file_type_and_path,"[""extension=.svg"", ""non-QML payload under recovered Font/Image asset bundle""]",rcc_valid_no_v2_match
:/Image/Icon/regenerate_pressed.svg,Image/Icon/regenerate_pressed.svg,bundle_002,218,.svg,633,5a92ed0d1d821e30dffc207405922dda33114901b7e0e852e57a37d3b59fbe4a,5a92ed0d1d821e30dffc207405922dda33114901b7e0e852e57a37d3b59fbe4a,True,font/image asset,file_type_and_path,"[""extension=.svg"", ""non-QML payload under recovered Font/Image asset bundle""]",rcc_valid_no_v2_match
:/Image/Icon/reason_normal.svg,Image/Icon/reason_normal.svg,bundle_002,219,.svg,1247,82dfff0c1ce74cfa231516bb79d6e1ac0df51a879cc5cf1e38866278be431717,82dfff0c1ce74cfa231516bb79d6e1ac0df51a879cc5cf1e38866278be431717,True,font/image asset,file_type_and_path,"[""extension=.svg"", ""non-QML payload under recovered Font/Image asset bundle""]",rcc_valid_no_v2_match
:/Image/Icon/newChat_normal.svg,Image/Icon/newChat_normal.svg,bundle_002,220,.svg,1411,957555339d97dc7eca6fcf555a29e84b9f35be74c59b5b50a76df21489cdf05b,957555339d97dc7eca6fcf555a29e84b9f35be74c59b5b50a76df21489cdf05b,True,font/image asset,file_type_and_path,"[""extension=.svg"", ""non-QML payload under recovered Font/Image asset bundle""]",rcc_valid_no_v2_match
:/Image/Icon/regenerate_hovered.svg,Image/Icon/regenerate_hovered.svg,bundle_002,221,.svg,700,37c26e7eaa578a6de700310a5950cb457655799532c9597cdc48bc521b849deb,37c26e7eaa578a6de700310a5950cb457655799532c9597cdc48bc521b849deb,True,font/image asset,file_type_and_path,"[""extension=.svg"", ""non-QML payload under recovered Font/Image asset bundle""]",rcc_valid_no_v2_match
:/Image/Icon/newChat_hovered.svg,Image/Icon/newChat_hovered.svg,bundle_002,222,.svg,1411,88e9458d318a0dc33f160e2e3b97dc5fdab93cb3399b38f0233e3e56b7e428dd,88e9458d318a0dc33f160e2e3b97dc5fdab93cb3399b38f0233e3e56b7e428dd,True,font/image asset,file_type_and_path,"[""extension=.svg"", ""non-QML payload under recovered Font/Image asset bundle""]",rcc_valid_no_v2_match
:/Image/Icon/more_pressed.svg,Image/Icon/more_pressed.svg,bundle_002,223,.svg,331,3b66c8cd30dc67d879212308ce6d19eddfe56f897ee405dfda3c2449b2a1e305,3b66c8cd30dc67d879212308ce6d19eddfe56f897ee405dfda3c2449b2a1e305,True,font/image asset,file_type_and_path,"[""extension=.svg"", ""non-QML payload under recovered Font/Image asset bundle""]",rcc_valid_no_v2_match
:/Image/TitleView/douyin.svg,Image/TitleView/douyin.svg,bundle_002,26,.svg,2157,9ef7a8556b8b3bb8eb7f90cc0bda812c7a1d821f9c0ea406beb0bb767c1f5356,9ef7a8556b8b3bb8eb7f90cc0bda812c7a1d821f9c0ea406beb0bb767c1f5356,True,font/image asset,file_type_and_path,"[""extension=.svg"", ""non-QML payload under recovered Font/Image asset bundle""]",rcc_valid_no_v2_match
:/Image/TitleView/convertConfigure_normal_dark.svg,Image/TitleView/convertConfigure_normal_dark.svg,bundle_002,27,.svg,2539,e1e6d2bac238fb55380985273f42b9d3fa70b2d3abff7b6acba919b2167d11aa,e1e6d2bac238fb55380985273f42b9d3fa70b2d3abff7b6acba919b2167d11aa,True,font/image asset,file_type_and_path,"[""extension=.svg"", ""non-QML payload under recovered Font/Image asset bundle""]",rcc_valid_no_v2_match
:/Image/TitleView/close_configure_normal.svg,Image/TitleView/close_configure_normal.svg,bundle_002,28,.svg,443,23f944a236ee34dc2e1fa0b1c4e4d94fc602db50a45a5fdaba8a8387763374cf,23f944a236ee34dc2e1fa0b1c4e4d94fc602db50a45a5fdaba8a8387763374cf,True,font/image asset,file_type_and_path,"[""extension=.svg"", ""non-QML payload under recovered Font/Image asset bundle""]",rcc_valid_no_v2_match
:/Image/TitleView/close_normal_dark.svg,Image/TitleView/close_normal_dark.svg,bundle_002,29,.svg,1039,6788a3a364fa53921e711dc3a4e7490bfb920f90161f854cf1c9b61581b2cc86,6788a3a364fa53921e711dc3a4e7490bfb920f90161f854cf1c9b61581b2cc86,True,font/image asset,file_type_and_path,"[""extension=.svg"", ""non-QML payload under recovered Font/Image asset bundle""]",rcc_valid_no_v2_match
:/Image/TitleView/PreviousStep_hover_day.svg,Image/TitleView/PreviousStep_hover_day.svg,bundle_002,30,.svg,654,7bf6d229ecf95f44b2cfbc319bb4f67303ea4766519a8341b5991ea266e3dd38,7bf6d229ecf95f44b2cfbc319bb4f67303ea4766519a8341b5991ea266e3dd38,True,font/image asset,file_type_and_path,"[""extension=.svg"", ""non-QML payload under recovered Font/Image asset bundle""]",rcc_valid_no_v2_match
:/Image/TitleView/switch_normal_dark.svg,Image/TitleView/switch_normal_dark.svg,bundle_002,31,.svg,388,ccd1c39580c57070ab0df69da47115cf171f67beeb20f4e27971c166d5a57aeb,ccd1c39580c57070ab0df69da47115cf171f67beeb20f4e27971c166d5a57aeb,True,font/image asset,file_type_and_path,"[""extension=.svg"", ""non-QML payload under recovered Font/Image asset bundle""]",rcc_valid_no_v2_match
:/Image/TitleView/profile_hover_dark.svg,Image/TitleView/profile_hover_dark.svg,bundle_002,32,.svg,1092,e0237d594125ca54df3e4a9fea90760a58ab541445279acf42e1ccf0dce4c1e1,e0237d594125ca54df3e4a9fea90760a58ab541445279acf42e1ccf0dce4c1e1,True,font/image asset,file_type_and_path,"[""extension=.svg"", ""non-QML payload under recovered Font/Image asset bundle""]",rcc_valid_no_v2_match
:/Image/TitleView/save_normal_day.svg,Image/TitleView/save_normal_day.svg,bundle_002,33,.svg,756,d9df7dde94067448dc77f7dede4b1e307cf9d44894198dcae6cb44f2a0ffad59,d9df7dde94067448dc77f7dede4b1e307cf9d44894198dcae6cb44f2a0ffad59,True,font/image asset,file_type_and_path,"[""extension=.svg"", ""non-QML payload under recovered Font/Image asset bundle""]",rcc_valid_no_v2_match
:/Image/TitleView/contactus_image_dark.svg,Image/TitleView/contactus_image_dark.svg,bundle_002,34,.svg,608,a7af3c474185e3bd3f2270f9b8d538121c455fdd9c5b3b03aa17213c962940d1,a7af3c474185e3bd3f2270f9b8d538121c455fdd9c5b3b03aa17213c962940d1,True,font/image asset,file_type_and_path,"[""extension=.svg"", ""non-QML payload under recovered Font/Image asset bundle""]",rcc_valid_no_v2_match
:/Image/TitleView/switch_clicked_dark.svg,Image/TitleView/switch_clicked_dark.svg,bundle_002,35,.svg,390,12cca8448c6e3eeeac6f868b70aec82236de5963bda9e487774a18365464537b,12cca8448c6e3eeeac6f868b70aec82236de5963bda9e487774a18365464537b,True,font/image asset,file_type_and_path,"[""extension=.svg"", ""non-QML payload under recovered Font/Image asset bundle""]",rcc_valid_no_v2_match
:/Image/TitleView/homePage_normal_dark.svg,Image/TitleView/homePage_normal_dark.svg,bundle_002,36,.svg,1049,63ba3c18108a09119b0b831a29aeebb6616e460a5ca7851f2fb9b2cc9a288d15,63ba3c18108a09119b0b831a29aeebb6616e460a5ca7851f2fb9b2cc9a288d15,True,font/image asset,file_type_and_path,"[""extension=.svg"", ""non-QML payload under recovered Font/Image asset bundle""]",rcc_valid_no_v2_match
:/Image/TitleView/close_clicked_dark.svg,Image/TitleView/close_clicked_dark.svg,bundle_002,37,.svg,1007,b448479813d664701c4abb10c83912465bf36d0d375602da772bf64426867e60,b448479813d664701c4abb10c83912465bf36d0d375602da772bf64426867e60,True,font/image asset,file_type_and_path,"[""extension=.svg"", ""non-QML payload under recovered Font/Image asset bundle""]",rcc_valid_no_v2_match
:/Image/TitleView/pairStepOne_dark.svg,Image/TitleView/pairStepOne_dark.svg,bundle_002,38,.svg,11794,b9409d5459245009392df5dd554b2210ec69e8d6c25c0cca339f93755cc9bd3c,b9409d5459245009392df5dd554b2210ec69e8d6c25c0cca339f93755cc9bd3c,True,font/image asset,file_type_and_path,"[""extension=.svg"", ""non-QML payload under recovered Font/Image asset bundle""]",rcc_valid_no_v2_match
:/Image/TitleView/homePage_clicked_day.svg,Image/TitleView/homePage_clicked_day.svg,bundle_002,39,.svg,1047,8d8e250ea04b20d8b2696278214cb2649ea0a506360c59cebca7cec617083f9f,8d8e250ea04b20d8b2696278214cb2649ea0a506360c59cebca7cec617083f9f,True,font/image asset,file_type_and_path,"[""extension=.svg"", ""non-QML payload under recovered Font/Image asset bundle""]",rcc_valid_no_v2_match
:/Image/TitleView/NextStep_hover_day.svg,Image/TitleView/NextStep_hover_day.svg,bundle_002,40,.svg,689,5b271eddcae3b78672066486e1cb36c339bac087266344e301cdd9d8ce2e0c8f,5b271eddcae3b78672066486e1cb36c339bac087266344e301cdd9d8ce2e0c8f,True,font/image asset,file_type_and_path,"[""extension=.svg"", ""non-QML payload under recovered Font/Image asset bundle""]",rcc_valid_no_v2_match
:/Image/TitleView/delete_day.svg,Image/TitleView/delete_day.svg,bundle_002,41,.svg,627,1b2d5d8d49d53121326bacd9e102b605527af1a301bbaf08e1508d7e73226957,1b2d5d8d49d53121326bacd9e102b605527af1a301bbaf08e1508d7e73226957,True,font/image asset,file_type_and_path,"[""extension=.svg"", ""non-QML payload under recovered Font/Image asset bundle""]",rcc_valid_no_v2_match
:/Image/TitleView/minus_clicked_day.svg,Image/TitleView/minus_clicked_day.svg,bundle_002,42,.svg,871,088a329764d0a9f7b14c58723a6924cd13a5144bc27e14ad97198898a332aed3,088a329764d0a9f7b14c58723a6924cd13a5144bc27e14ad97198898a332aed3,True,font/image asset,file_type_and_path,"[""extension=.svg"", ""non-QML payload under recovered Font/Image asset bundle""]",rcc_valid_no_v2_match
:/Image/TitleView/restore_normal_dark.svg,Image/TitleView/restore_normal_dark.svg,bundle_002,43,.svg,1014,35a197f85f6e8572e9a2a815bf8b5a7550f7ed5aa3ab4fd90d6626e2decb3d62,35a197f85f6e8572e9a2a815bf8b5a7550f7ed5aa3ab4fd90d6626e2decb3d62,True,font/image asset,file_type_and_path,"[""extension=.svg"", ""non-QML payload under recovered Font/Image asset bundle""]",rcc_valid_no_v2_match
:/Image/TitleView/profile_hover_day.svg,Image/TitleView/profile_hover_day.svg,bundle_002,44,.svg,1092,ab1bcc8daabadaff9d7da16ab259cab683de77f666c74c48a7ae1859e844b023,ab1bcc8daabadaff9d7da16ab259cab683de77f666c74c48a7ae1859e844b023,True,font/image asset,file_type_and_path,"[""extension=.svg"", ""non-QML payload under recovered Font/Image asset bundle""]",rcc_valid_no_v2_match
:/Image/TitleView/save_hover_dark.svg,Image/TitleView/save_hover_dark.svg,bundle_002,45,.svg,722,eeef1892dbb5aee948c468467884d860bb629598efb596bd0012de9370f1f244,eeef1892dbb5aee948c468467884d860bb629598efb596bd0012de9370f1f244,True,font/image asset,file_type_and_path,"[""extension=.svg"", ""non-QML payload under recovered Font/Image asset bundle""]",rcc_valid_no_v2_match
:/Image/TitleView/PreviousStep_clicked_dark.svg,Image/TitleView/PreviousStep_clicked_dark.svg,bundle_002,46,.svg,684,b508c340867a60cce100a1b67333ec40945d021b4113fedc2c8ae492444635ee,b508c340867a60cce100a1b67333ec40945d021b4113fedc2c8ae492444635ee,True,font/image asset,file_type_and_path,"[""extension=.svg"", ""non-QML payload under recovered Font/Image asset bundle""]",rcc_valid_no_v2_match
:/Image/TitleView/pairStepFour_day.svg,Image/TitleView/pairStepFour_day.svg,bundle_002,47,.svg,13947,26d75d0d0bc6ce7125daf355fd06cabaadd81c9f402a61f34acae7fe59ce8d48,26d75d0d0bc6ce7125daf355fd06cabaadd81c9f402a61f34acae7fe59ce8d48,True,font/image asset,file_type_and_path,"[""extension=.svg"", ""non-QML payload under recovered Font/Image asset bundle""]",rcc_valid_no_v2_match
:/Image/TitleView/NextStep_clicked_dark.svg,Image/TitleView/NextStep_clicked_dark.svg,bundle_002,48,.svg,649,29735d29e6b01852ebfb6145c5282186274da4f0168e82236aed45b1c83ab68c,29735d29e6b01852ebfb6145c5282186274da4f0168e82236aed45b1c83ab68c,True,font/image asset,file_type_and_path,"[""extension=.svg"", ""non-QML payload under recovered Font/Image asset bundle""]",rcc_valid_no_v2_match
:/Image/TitleView/save_stop_dark.svg,Image/TitleView/save_stop_dark.svg,bundle_002,49,.svg,722,509764362ad06f8f3b9240a83a746e1a499d10f0796a05331cd1cbec14179e71,509764362ad06f8f3b9240a83a746e1a499d10f0796a05331cd1cbec14179e71,True,font/image asset,file_type_and_path,"[""extension=.svg"", ""non-QML payload under recovered Font/Image asset bundle""]",rcc_valid_no_v2_match
:/Image/TitleView/profile_normal_day.svg,Image/TitleView/profile_normal_day.svg,bundle_002,50,.svg,1092,ffad91ca56bfd74827876fa94e31312253db720750feb5edad3a111688e4ba07,ffad91ca56bfd74827876fa94e31312253db720750feb5edad3a111688e4ba07,True,font/image asset,file_type_and_path,"[""extension=.svg"", ""non-QML payload under recovered Font/Image asset bundle""]",rcc_valid_no_v2_match
:/Image/TitleView/Light_clicked_day.svg,Image/TitleView/Light_clicked_day.svg,bundle_002,51,.svg,1470,70168097e3d920ae8dfa65245c522aad111cf1ed4d5d2d308abf3ea284c14c44,70168097e3d920ae8dfa65245c522aad111cf1ed4d5d2d308abf3ea284c14c44,True,font/image asset,file_type_and_path,"[""extension=.svg"", ""non-QML payload under recovered Font/Image asset bundle""]",rcc_valid_v2_hash_match_path_mismatch
:/Image/TitleView/pairStepFour_dark.svg,Image/TitleView/pairStepFour_dark.svg,bundle_002,52,.svg,13945,9b3db7043359f35e2a0aba3465537611895beb153879696a6608658fa6608d79,9b3db7043359f35e2a0aba3465537611895beb153879696a6608658fa6608d79,True,font/image asset,file_type_and_path,"[""extension=.svg"", ""non-QML payload under recovered Font/Image asset bundle""]",rcc_valid_no_v2_match
:/Image/TitleView/pairStepTwo_mouse_dark.svg,Image/TitleView/pairStepTwo_mouse_dark.svg,bundle_002,53,.svg,10724,30de7d2f312e37f19451d305468772dbaa65d53993a4d9a5ae2f05fd935a20b4,30de7d2f312e37f19451d305468772dbaa65d53993a4d9a5ae2f05fd935a20b4,True,font/image asset,file_type_and_path,"[""extension=.svg"", ""non-QML payload under recovered Font/Image asset bundle""]",rcc_valid_v2_hash_match_path_mismatch
:/Image/TitleView/pairStepTwo_dark.svg,Image/TitleView/pairStepTwo_dark.svg,bundle_002,54,.svg,10811,7026dc7311a3d891ef0700bbd45b54cc763e3c41235d06657eb4eab2fad5c0df,7026dc7311a3d891ef0700bbd45b54cc763e3c41235d06657eb4eab2fad5c0df,True,font/image asset,file_type_and_path,"[""extension=.svg"", ""non-QML payload under recovered Font/Image asset bundle""]",rcc_valid_no_v2_match
:/Image/TitleView/zoomin.svg,Image/TitleView/zoomin.svg,bundle_002,55,.svg,985,b8fe82a5544257f17c0e124e38e5567dad4fe534299b9b70504241adb6348781,b8fe82a5544257f17c0e124e38e5567dad4fe534299b9b70504241adb6348781,True,font/image asset,file_type_and_path,"[""extension=.svg"", ""non-QML payload under recovered Font/Image asset bundle""]",rcc_valid_no_v2_match
:/Image/TitleView/NextStep_clicked_day.svg,Image/TitleView/NextStep_clicked_day.svg,bundle_002,56,.svg,654,b922e0c9e928f4ccad62f7ec7004163c0251a8a3876025cc0b93b71e8268d6a2,b922e0c9e928f4ccad62f7ec7004163c0251a8a3876025cc0b93b71e8268d6a2,True,font/image asset,file_type_and_path,"[""extension=.svg"", ""non-QML payload under recovered Font/Image asset bundle""]",rcc_valid_no_v2_match
:/Image/TitleView/minus_hover_day.svg,Image/TitleView/minus_hover_day.svg,bundle_002,57,.svg,871,101d454f4dff5a642b24d657849849ee8f61caf1f781c83d13863604b2195a0f,101d454f4dff5a642b24d657849849ee8f61caf1f781c83d13863604b2195a0f,True,font/image asset,file_type_and_path,"[""extension=.svg"", ""non-QML payload under recovered Font/Image asset bundle""]",rcc_valid_no_v2_match
:/Image/TitleView/minus_hover_dark.svg,Image/TitleView/minus_hover_dark.svg,bundle_002,58,.svg,877,03b46615e7ccffebe1078606c627c688412de358f021abbc4232ce1690c965f1,03b46615e7ccffebe1078606c627c688412de358f021abbc4232ce1690c965f1,True,font/image asset,file_type_and_path,"[""extension=.svg"", ""non-QML payload under recovered Font/Image asset bundle""]",rcc_valid_no_v2_match
:/Image/TitleView/zoomin_h.svg,Image/TitleView/zoomin_h.svg,bundle_002,59,.svg,1165,cad01e61bedc2f36e02b579abc20b8277ee73ed167f91a1093b2adee325e8559,cad01e61bedc2f36e02b579abc20b8277ee73ed167f91a1093b2adee325e8559,True,font/image asset,file_type_and_path,"[""extension=.svg"", ""non-QML payload under recovered Font/Image asset bundle""]",rcc_valid_no_v2_match
:/Image/TitleView/moon_normal_dark.svg,Image/TitleView/moon_normal_dark.svg,bundle_002,60,.svg,1290,462d11aa5af56d5fe75dacce36afe790f1ebde00fe83cda0439fa9e8b6d798b7,462d11aa5af56d5fe75dacce36afe790f1ebde00fe83cda0439fa9e8b6d798b7,True,font/image asset,file_type_and_path,"[""extension=.svg"", ""non-QML payload under recovered Font/Image asset bundle""]",rcc_valid_no_v2_match
:/Image/TitleView/moon_hover_dark.svg,Image/TitleView/moon_hover_dark.svg,bundle_002,61,.svg,1530,d9e0c4ade551a71f53e3c1c545675c24f3192f3b15272bbd462d25455ff7adb9,d9e0c4ade551a71f53e3c1c545675c24f3192f3b15272bbd462d25455ff7adb9,True,font/image asset,file_type_and_path,"[""extension=.svg"", ""non-QML payload under recovered Font/Image asset bundle""]",rcc_valid_no_v2_match
:/Image/TitleView/setting_clicked_day.svg,Image/TitleView/setting_clicked_day.svg,bundle_002,62,.svg,1372,2e55331b6fef036b106814c054c46f933dbe35a90b4c381747744c01894584f7,2e55331b6fef036b106814c054c46f933dbe35a90b4c381747744c01894584f7,True,font/image asset,file_type_and_path,"[""extension=.svg"", ""non-QML payload under recovered Font/Image asset bundle""]",rcc_valid_no_v2_match
:/Image/TitleView/list_day.svg,Image/TitleView/list_day.svg,bundle_002,63,.svg,569,c9660ef3f59b2141be4c5e2a6e65f3f026552832410f08937661aed0af82ca3b,c9660ef3f59b2141be4c5e2a6e65f3f026552832410f08937661aed0af82ca3b,True,font/image asset,file_type_and_path,"[""extension=.svg"", ""non-QML payload under recovered Font/Image asset bundle""]",rcc_valid_no_v2_match
:/Image/TitleView/switch_normal_day.svg,Image/TitleView/switch_normal_day.svg,bundle_002,64,.svg,388,9d0d805f7e3af1f86263c70209872193037ed5a48031ae6270f701d92fc73e4c,9d0d805f7e3af1f86263c70209872193037ed5a48031ae6270f701d92fc73e4c,True,font/image asset,file_type_and_path,"[""extension=.svg"", ""non-QML payload under recovered Font/Image asset bundle""]",rcc_valid_no_v2_match
:/Image/TitleView/bilibili.svg,Image/TitleView/bilibili.svg,bundle_002,65,.svg,3260,dded375262be284c103c80b39217f074396ff29b86a2128f19b8a90c8acbdc5a,dded375262be284c103c80b39217f074396ff29b86a2128f19b8a90c8acbdc5a,True,font/image asset,file_type_and_path,"[""extension=.svg"", ""non-QML payload under recovered Font/Image asset bundle""]",rcc_valid_no_v2_match
:/Image/TitleView/restore_stop_day.svg,Image/TitleView/restore_stop_day.svg,bundle_002,66,.svg,1025,a94ef1aadb561f4701911509b3055c68aee159c07fb40192052737f83b3ce93a,a94ef1aadb561f4701911509b3055c68aee159c07fb40192052737f83b3ce93a,True,font/image asset,file_type_and_path,"[""extension=.svg"", ""non-QML payload under recovered Font/Image asset bundle""]",rcc_valid_no_v2_match
:/Image/TitleView/password_dark.svg,Image/TitleView/password_dark.svg,bundle_002,67,.svg,479,c6f33d791cf31ab5c89bd831ea4fdcc25ecb5761ff53b582c931b84320b6f2f7,c6f33d791cf31ab5c89bd831ea4fdcc25ecb5761ff53b582c931b84320b6f2f7,True,font/image asset,file_type_and_path,"[""extension=.svg"", ""non-QML payload under recovered Font/Image asset bundle""]",rcc_valid_no_v2_match
:/Image/TitleView/pairStart.svg,Image/TitleView/pairStart.svg,bundle_002,68,.svg,12138,d75148034197933aee199599ee76b7653b71292d7758c72ad5012c0d52920167,d75148034197933aee199599ee76b7653b71292d7758c72ad5012c0d52920167,True,font/image asset,file_type_and_path,"[""extension=.svg"", ""non-QML payload under recovered Font/Image asset bundle""]",rcc_valid_no_v2_match
:/Image/TitleView/moon_clicked_dark.svg,Image/TitleView/moon_clicked_dark.svg,bundle_002,69,.svg,1526,04ef0291be526357ba4e115c37945f7808d432b7176a50be707f26ac4f6350c9,04ef0291be526357ba4e115c37945f7808d432b7176a50be707f26ac4f6350c9,True,font/image asset,file_type_and_path,"[""extension=.svg"", ""non-QML payload under recovered Font/Image asset bundle""]",rcc_valid_no_v2_match
:/Image/TitleView/PreviousStep_clicked_day.svg,Image/TitleView/PreviousStep_clicked_day.svg,bundle_002,70,.svg,689,ff998fffd0a5c9a8ac89bf5f3c30489e8b3ccb6cae791615d23fa0885178bc58,ff998fffd0a5c9a8ac89bf5f3c30489e8b3ccb6cae791615d23fa0885178bc58,True,font/image asset,file_type_and_path,"[""extension=.svg"", ""non-QML payload under recovered Font/Image asset bundle""]",rcc_valid_no_v2_match
:/Image/TitleView/save_stop_day.svg,Image/TitleView/save_stop_day.svg,bundle_002,71,.svg,758,9979a5e33e819fb0fd0e811d047b6c70c66bb30996014cb2f753b0c41a3f4179,9979a5e33e819fb0fd0e811d047b6c70c66bb30996014cb2f753b0c41a3f4179,True,font/image asset,file_type_and_path,"[""extension=.svg"", ""non-QML payload under recovered Font/Image asset bundle""]",rcc_valid_no_v2_match
:/Image/TitleView/moon_normal_day.svg,Image/TitleView/moon_normal_day.svg,bundle_002,72,.svg,1288,cfc3992af7429560efe5ad60601f8506a2641db02f015cb3ee30beec8a773898,cfc3992af7429560efe5ad60601f8506a2641db02f015cb3ee30beec8a773898,True,font/image asset,file_type_and_path,"[""extension=.svg"", ""non-QML payload under recovered Font/Image asset bundle""]",rcc_valid_no_v2_match
:/Image/TitleView/redbook.svg,Image/TitleView/redbook.svg,bundle_002,73,.svg,9090,0c105cabe378d80041ab14e7a924f636124e74ca6a4b644deb9f2c82e0f8e018,0c105cabe378d80041ab14e7a924f636124e74ca6a4b644deb9f2c82e0f8e018,True,font/image asset,file_type_and_path,"[""extension=.svg"", ""non-QML payload under recovered Font/Image asset bundle""]",rcc_valid_no_v2_match
:/Image/TitleView/profile_clicked_day.svg,Image/TitleView/profile_clicked_day.svg,bundle_002,74,.svg,1090,d876a98ee9890b6c9f705eab9ff84823b6c7b6d1f646c39223c24ce825ac6242,d876a98ee9890b6c9f705eab9ff84823b6c7b6d1f646c39223c24ce825ac6242,True,font/image asset,file_type_and_path,"[""extension=.svg"", ""non-QML payload under recovered Font/Image asset bundle""]",rcc_valid_no_v2_match
:/Image/TitleView/minus_normal_day.svg,Image/TitleView/minus_normal_day.svg,bundle_002,75,.svg,901,bb692414e56290f6f824a7e44e995c65471da82ee06932e6a3ca6a4cbd3c6035,bb692414e56290f6f824a7e44e995c65471da82ee06932e6a3ca6a4cbd3c6035,True,font/image asset,file_type_and_path,"[""extension=.svg"", ""non-QML payload under recovered Font/Image asset bundle""]",rcc_valid_no_v2_match
:/Image/TitleView/save_clicked_day.svg,Image/TitleView/save_clicked_day.svg,bundle_002,76,.svg,722,1cdc88932a03c03f27096de303617f5cc3d22cb490fe49abedac3a9954cd7946,1cdc88932a03c03f27096de303617f5cc3d22cb490fe49abedac3a9954cd7946,True,font/image asset,file_type_and_path,"[""extension=.svg"", ""non-QML payload under recovered Font/Image asset bundle""]",rcc_valid_no_v2_match
:/Image/TitleView/deleteConfigure_dark.svg,Image/TitleView/deleteConfigure_dark.svg,bundle_002,77,.svg,571,a85615d0a32abc619eff4556bb65c62400332fec9fe314fa8512b817bff540fb,a85615d0a32abc619eff4556bb65c62400332fec9fe314fa8512b817bff540fb,True,font/image asset,file_type_and_path,"[""extension=.svg"", ""non-QML payload under recovered Font/Image asset bundle""]",rcc_valid_no_v2_match
:/Image/TitleView/pairSuccessful.svg,Image/TitleView/pairSuccessful.svg,bundle_002,78,.svg,6905,c75b309cc2c48c83d72dfedc3a36d608e79a266df2f33b88cd18545d14aefb3f,c75b309cc2c48c83d72dfedc3a36d608e79a266df2f33b88cd18545d14aefb3f,True,font/image asset,file_type_and_path,"[""extension=.svg"", ""non-QML payload under recovered Font/Image asset bundle""]",rcc_valid_no_v2_match
:/Image/TitleView/restore_stop_dark.svg,Image/TitleView/restore_stop_dark.svg,bundle_002,79,.svg,946,9a747815e197b4d6301795cb574a0e4e8235afac3194520a9e67b4e582e7809b,9a747815e197b4d6301795cb574a0e4e8235afac3194520a9e67b4e582e7809b,True,font/image asset,file_type_and_path,"[""extension=.svg"", ""non-QML payload under recovered Font/Image asset bundle""]",rcc_valid_no_v2_match
:/Image/TitleView/save_configure_normal.svg,Image/TitleView/save_configure_normal.svg,bundle_002,80,.svg,460,066bf25641bdf74059ec4827adfdaa39ceb833ce936a7cd20136f6671d05be0a,066bf25641bdf74059ec4827adfdaa39ceb833ce936a7cd20136f6671d05be0a,True,font/image asset,file_type_and_path,"[""extension=.svg"", ""non-QML payload under recovered Font/Image asset bundle""]",rcc_valid_no_v2_match
:/Image/TitleView/editConfigure_day.svg,Image/TitleView/editConfigure_day.svg,bundle_002,81,.svg,672,95037f0a7354cdb44cabc4f3e82e2d7ab4ada0ff5a6d5aa5815297fc796f8ce7,95037f0a7354cdb44cabc4f3e82e2d7ab4ada0ff5a6d5aa5815297fc796f8ce7,True,font/image asset,file_type_and_path,"[""extension=.svg"", ""non-QML payload under recovered Font/Image asset bundle""]",rcc_valid_no_v2_match
:/Image/TitleView/addConfigure_dark.svg,Image/TitleView/addConfigure_dark.svg,bundle_002,82,.svg,382,0ef3c02d16b318d48e433b31ac1540a4b1b8a39c01615be3c80f2a08328cc889,0ef3c02d16b318d48e433b31ac1540a4b1b8a39c01615be3c80f2a08328cc889,True,font/image asset,file_type_and_path,"[""extension=.svg"", ""non-QML payload under recovered Font/Image asset bundle""]",rcc_valid_no_v2_match
:/Image/TitleView/add.png,Image/TitleView/add.png,bundle_002,83,.png,145,54c63e72a590147b0373692456806de9729205cd384fd888419276dbb249298e,54c63e72a590147b0373692456806de9729205cd384fd888419276dbb249298e,True,font/image asset,file_type_and_path,"[""extension=.png"", ""non-QML payload under recovered Font/Image asset bundle""]",rcc_valid_no_v2_match
:/Image/TitleView/switch_hover_dark.svg,Image/TitleView/switch_hover_dark.svg,bundle_002,84,.svg,390,29bae952fdeede20aaea3989745985929a90f6d701a17a3be064ff02d2bc366a,29bae952fdeede20aaea3989745985929a90f6d701a17a3be064ff02d2bc366a,True,font/image asset,file_type_and_path,"[""extension=.svg"", ""non-QML payload under recovered Font/Image asset bundle""]",rcc_valid_no_v2_match
:/Image/TitleView/editConfigure_dark.svg,Image/TitleView/editConfigure_dark.svg,bundle_002,85,.svg,672,6153004b4a0a0310073859ddb1153815df23231d69cca68dcce597044dc7f440,6153004b4a0a0310073859ddb1153815df23231d69cca68dcce597044dc7f440,True,font/image asset,file_type_and_path,"[""extension=.svg"", ""non-QML payload under recovered Font/Image asset bundle""]",rcc_valid_no_v2_match
:/Image/TitleView/zoomout.svg,Image/TitleView/zoomout.svg,bundle_002,86,.svg,985,b8fe82a5544257f17c0e124e38e5567dad4fe534299b9b70504241adb6348781,b8fe82a5544257f17c0e124e38e5567dad4fe534299b9b70504241adb6348781,True,font/image asset,file_type_and_path,"[""extension=.svg"", ""non-QML payload under recovered Font/Image asset bundle""]",rcc_valid_no_v2_match
:/Image/TitleView/copy_day.svg,Image/TitleView/copy_day.svg,bundle_002,87,.svg,586,a59e39a055a9f07f22d56e1aed1406d495acbd7d96c53c89c104c4db77c09d88,a59e39a055a9f07f22d56e1aed1406d495acbd7d96c53c89c104c4db77c09d88,True,font/image asset,file_type_and_path,"[""extension=.svg"", ""non-QML payload under recovered Font/Image asset bundle""]",rcc_valid_no_v2_match
:/Image/TitleView/update_day.svg,Image/TitleView/update_day.svg,bundle_002,88,.svg,779,e310ce9f3d1e59ac4ea1769ab13a466901a03298fd0089c07c868eff8d133952,e310ce9f3d1e59ac4ea1769ab13a466901a03298fd0089c07c868eff8d133952,True,font/image asset,file_type_and_path,"[""extension=.svg"", ""non-QML payload under recovered Font/Image asset bundle""]",rcc_valid_no_v2_match
:/Image/TitleView/tip_dark.png,Image/TitleView/tip_dark.png,bundle_002,89,.png,332,e1d0d55a03c076c7d6a5bfb71ac2b95aa62f257cc9854cf47acf28923c0452a0,e1d0d55a03c076c7d6a5bfb71ac2b95aa62f257cc9854cf47acf28923c0452a0,True,font/image asset,file_type_and_path,"[""extension=.png"", ""non-QML payload under recovered Font/Image asset bundle""]",rcc_valid_no_v2_match
:/Image/TitleView/setting_normal_dark.svg,Image/TitleView/setting_normal_dark.svg,bundle_002,90,.svg,1408,acc12ea556293f8869ba1af6c011d50cf9c329880c50d8c1f9b2fed948a6902c,acc12ea556293f8869ba1af6c011d50cf9c329880c50d8c1f9b2fed948a6902c,True,font/image asset,file_type_and_path,"[""extension=.svg"", ""non-QML payload under recovered Font/Image asset bundle""]",rcc_valid_no_v2_match
:/Image/TitleView/pairStepOne_day.svg,Image/TitleView/pairStepOne_day.svg,bundle_002,91,.svg,11689,b197ce102419e33b00da4abcfa793aa3accc287bcae5268767cc0f6774e1c8e4,b197ce102419e33b00da4abcfa793aa3accc287bcae5268767cc0f6774e1c8e4,True,font/image asset,file_type_and_path,"[""extension=.svg"", ""non-QML payload under recovered Font/Image asset bundle""]",rcc_valid_no_v2_match
:/Image/TitleView/pairStepTwo_day.svg,Image/TitleView/pairStepTwo_day.svg,bundle_002,92,.svg,10886,31676b95e24014a928c2f82ed4326818a00ce870b9fe5d21f3c0660fa89da5d3,31676b95e24014a928c2f82ed4326818a00ce870b9fe5d21f3c0660fa89da5d3,True,font/image asset,file_type_and_path,"[""extension=.svg"", ""non-QML payload under recovered Font/Image asset bundle""]",rcc_valid_no_v2_match
:/Image/TitleView/notDetected_day.svg,Image/TitleView/notDetected_day.svg,bundle_002,93,.svg,2218,8638bbe372309521c077c1a53b92362f6d168364c1da50dbc7059b204fe390e1,8638bbe372309521c077c1a53b92362f6d168364c1da50dbc7059b204fe390e1,True,font/image asset,file_type_and_path,"[""extension=.svg"", ""non-QML payload under recovered Font/Image asset bundle""]",rcc_valid_no_v2_match
:/Image/TitleView/restore_hover_dark.svg,Image/TitleView/restore_hover_dark.svg,bundle_002,94,.svg,945,5fe54d79193f5dbc7729049d6a7f4352ca965e53bec9a8629a18a2b80691b39d,5fe54d79193f5dbc7729049d6a7f4352ca965e53bec9a8629a18a2b80691b39d,True,font/image asset,file_type_and_path,"[""extension=.svg"", ""non-QML payload under recovered Font/Image asset bundle""]",rcc_valid_no_v2_match
:/Image/TitleView/close_hover_dark.svg,Image/TitleView/close_hover_dark.svg,bundle_002,95,.svg,1007,da6daf24d542e22f9e27297fc57e9c5534f8683a2437b09ef656155bfa78ae3e,da6daf24d542e22f9e27297fc57e9c5534f8683a2437b09ef656155bfa78ae3e,True,font/image asset,file_type_and_path,"[""extension=.svg"", ""non-QML payload under recovered Font/Image asset bundle""]",rcc_valid_no_v2_match
:/Image/TitleView/convertConfigure_clicked_dark.svg,Image/TitleView/convertConfigure_clicked_dark.svg,bundle_002,96,.svg,934,cb6fa0d4db9f08df675283d93a8effad69a74e16bf1c4e147b532072988a224e,cb6fa0d4db9f08df675283d93a8effad69a74e16bf1c4e147b532072988a224e,True,font/image asset,file_type_and_path,"[""extension=.svg"", ""non-QML payload under recovered Font/Image asset bundle""]",rcc_valid_no_v2_match
:/Image/TitleView/Light_normal_day.svg,Image/TitleView/Light_normal_day.svg,bundle_002,97,.svg,1494,62a38d8bf02bd39310a22a8b0649698a7d929ea09ed19526201d133f15bf513b,62a38d8bf02bd39310a22a8b0649698a7d929ea09ed19526201d133f15bf513b,True,font/image asset,file_type_and_path,"[""extension=.svg"", ""non-QML payload under recovered Font/Image asset bundle""]",rcc_valid_no_v2_match
:/Image/TitleView/add_configure_normal.svg,Image/TitleView/add_configure_normal.svg,bundle_002,98,.svg,502,594fced960e713af11e7951ba50587671ab04d65f4db81d1c3da1dfe483fdf85,594fced960e713af11e7951ba50587671ab04d65f4db81d1c3da1dfe483fdf85,True,font/image asset,file_type_and_path,"[""extension=.svg"", ""non-QML payload under recovered Font/Image asset bundle""]",rcc_valid_no_v2_match
:/Image/TitleView/pairStepThree_dark.svg,Image/TitleView/pairStepThree_dark.svg,bundle_002,99,.svg,8650,bd6305250ab6d39c57f6679c2b90981e9ca3e22bfc18880b15f22b12031afd11,bd6305250ab6d39c57f6679c2b90981e9ca3e22bfc18880b15f22b12031afd11,True,font/image asset,file_type_and_path,"[""extension=.svg"", ""non-QML payload under recovered Font/Image asset bundle""]",rcc_valid_no_v2_match
:/Image/TitleView/profile_normal_dark.svg,Image/TitleView/profile_normal_dark.svg,bundle_002,100,.svg,1092,ffad91ca56bfd74827876fa94e31312253db720750feb5edad3a111688e4ba07,ffad91ca56bfd74827876fa94e31312253db720750feb5edad3a111688e4ba07,True,font/image asset,file_type_and_path,"[""extension=.svg"", ""non-QML payload under recovered Font/Image asset bundle""]",rcc_valid_no_v2_match
:/Image/TitleView/PreviousStep_hover_dark.svg,Image/TitleView/PreviousStep_hover_dark.svg,bundle_002,101,.svg,649,cf545fb280e759d62fc508946ccdd7c594f7a1d83316d701b4f7c51d51f08932,cf545fb280e759d62fc508946ccdd7c594f7a1d83316d701b4f7c51d51f08932,True,font/image asset,file_type_and_path,"[""extension=.svg"", ""non-QML payload under recovered Font/Image asset bundle""]",rcc_valid_no_v2_match
:/Image/TitleView/setting_hover_dark.svg,Image/TitleView/setting_hover_dark.svg,bundle_002,102,.svg,1376,ed5439703b87ff7cf0ed7595040b106108ce696d23a30a0af2207931c16c160a,ed5439703b87ff7cf0ed7595040b106108ce696d23a30a0af2207931c16c160a,True,font/image asset,file_type_and_path,"[""extension=.svg"", ""non-QML payload under recovered Font/Image asset bundle""]",rcc_valid_no_v2_match
:/Image/TitleView/PreviousStep_stop_dark.svg,Image/TitleView/PreviousStep_stop_dark.svg,bundle_002,103,.svg,684,97a5634377febee26b3fb24da9c6ee429bc915d8826e720d8d0268ba87ed8250,97a5634377febee26b3fb24da9c6ee429bc915d8826e720d8d0268ba87ed8250,True,font/image asset,file_type_and_path,"[""extension=.svg"", ""non-QML payload under recovered Font/Image asset bundle""]",rcc_valid_no_v2_match
:/Image/TitleView/moon_hover_day.svg,Image/TitleView/moon_hover_day.svg,bundle_002,104,.svg,1256,ace105f9e83196c4c48997a14a1389fcda9975159eb549441fb06866cebf301c,ace105f9e83196c4c48997a14a1389fcda9975159eb549441fb06866cebf301c,True,font/image asset,file_type_and_path,"[""extension=.svg"", ""non-QML payload under recovered Font/Image asset bundle""]",rcc_valid_no_v2_match
:/Image/TitleView/add_configure_clicked.svg,Image/TitleView/add_configure_clicked.svg,bundle_002,105,.svg,499,e39d1bf7789e5d331e28b4c4df44b544640a2396a5f7623be0fb81bd73574d8d,e39d1bf7789e5d331e28b4c4df44b544640a2396a5f7623be0fb81bd73574d8d,True,font/image asset,file_type_and_path,"[""extension=.svg"", ""non-QML payload under recovered Font/Image asset bundle""]",rcc_valid_no_v2_match
:/Image/TitleView/homePage_clicked_dark.svg,Image/TitleView/homePage_clicked_dark.svg,bundle_002,106,.svg,1049,e96ccbe6c3e4087a1ecdcf7fcf11068b132eca7c42dd8339ab588f6ee1bbcdf7,e96ccbe6c3e4087a1ecdcf7fcf11068b132eca7c42dd8339ab588f6ee1bbcdf7,True,font/image asset,file_type_and_path,"[""extension=.svg"", ""non-QML payload under recovered Font/Image asset bundle""]",rcc_valid_no_v2_match
:/Image/TitleView/PreviousStep_stop_day.svg,Image/TitleView/PreviousStep_stop_day.svg,bundle_002,107,.svg,690,b7fbdb02653227f523e38b35eddb80eda0db3c376812a69ac7fe77e3d3fbc2e3,b7fbdb02653227f523e38b35eddb80eda0db3c376812a69ac7fe77e3d3fbc2e3,True,font/image asset,file_type_and_path,"[""extension=.svg"", ""non-QML payload under recovered Font/Image asset bundle""]",rcc_valid_no_v2_match
:/Image/TitleView/PreviousStep_normal_dark.svg,Image/TitleView/PreviousStep_normal_dark.svg,bundle_002,108,.svg,683,e494ffe4166b9c86611950048c5316df7e19f82591505222ae572ca9997f79fe,e494ffe4166b9c86611950048c5316df7e19f82591505222ae572ca9997f79fe,True,font/image asset,file_type_and_path,"[""extension=.svg"", ""non-QML payload under recovered Font/Image asset bundle""]",rcc_valid_no_v2_match
:/Image/TitleView/userrr.png,Image/TitleView/userrr.png,bundle_002,109,.png,2733,5bc400b78d38ef246eee73b8a8c449daa4845af270ae65e2cb0ffee0141a2a0a,5bc400b78d38ef246eee73b8a8c449daa4845af270ae65e2cb0ffee0141a2a0a,True,font/image asset,file_type_and_path,"[""extension=.png"", ""non-QML payload under recovered Font/Image asset bundle""]",rcc_valid_no_v2_match
:/Image/TitleView/aesco.png,Image/TitleView/aesco.png,bundle_002,110,.png,6712,d973e984ec715ac6990e18806a227e197b3ebe2cd4ec643e872ce2691c344283,d973e984ec715ac6990e18806a227e197b3ebe2cd4ec643e872ce2691c344283,True,font/image asset,file_type_and_path,"[""extension=.png"", ""non-QML payload under recovered Font/Image asset bundle""]",rcc_valid_no_v2_match
:/Image/TitleView/minus_h.svg,Image/TitleView/minus_h.svg,bundle_002,111,.svg,1059,4163f2c25f62e31f4ee201b82fb04ba8cfb706316c459a76ed1395058554cf3d,4163f2c25f62e31f4ee201b82fb04ba8cfb706316c459a76ed1395058554cf3d,True,font/image asset,file_type_and_path,"[""extension=.svg"", ""non-QML payload under recovered Font/Image asset bundle""]",rcc_valid_no_v2_match
:/Image/TitleView/NextStep_stop_day.svg,Image/TitleView/NextStep_stop_day.svg,bundle_002,112,.svg,698,4d8e7012b4d5938881f1452f322a9df6989754198ffdda1c857ce87cf3478fc1,4d8e7012b4d5938881f1452f322a9df6989754198ffdda1c857ce87cf3478fc1,True,font/image asset,file_type_and_path,"[""extension=.svg"", ""non-QML payload under recovered Font/Image asset bundle""]",rcc_valid_no_v2_match
:/Image/TitleView/user.svg,Image/TitleView/user.svg,bundle_002,113,.svg,612523,2d66c804e0d53d2eb90f7e82aa19139cd4de087db95acf72221644b7bd7a6ac6,2d66c804e0d53d2eb90f7e82aa19139cd4de087db95acf72221644b7bd7a6ac6,True,font/image asset,file_type_and_path,"[""extension=.svg"", ""non-QML payload under recovered Font/Image asset bundle""]",rcc_valid_no_v2_match
:/Image/TitleView/user.png,Image/TitleView/user.png,bundle_002,114,.png,54361,4c8cb00288edac7f7cbd9791dc2cac0abdde4532256effc00396a00b6080ba59,4c8cb00288edac7f7cbd9791dc2cac0abdde4532256effc00396a00b6080ba59,True,font/image asset,file_type_and_path,"[""extension=.png"", ""non-QML payload under recovered Font/Image asset bundle""]",rcc_valid_no_v2_match
:/Image/TitleView/save_normal_dark.svg,Image/TitleView/save_normal_dark.svg,bundle_002,115,.svg,756,8ae242c7711faa637778fa084e22ed9c1e97391caf97e92e0fad3b5c0f6e6175,8ae242c7711faa637778fa084e22ed9c1e97391caf97e92e0fad3b5c0f6e6175,True,font/image asset,file_type_and_path,"[""extension=.svg"", ""non-QML payload under recovered Font/Image asset bundle""]",rcc_valid_no_v2_match
:/Image/TitleView/Light_clicked_dark.svg,Image/TitleView/Light_clicked_dark.svg,bundle_002,116,.svg,1469,6c0f69858bcfe1251306181596b294062f4c5d203ed17df454fb13e329a3734d,6c0f69858bcfe1251306181596b294062f4c5d203ed17df454fb13e329a3734d,True,font/image asset,file_type_and_path,"[""extension=.svg"", ""non-QML payload under recovered Font/Image asset bundle""]",rcc_valid_v2_hash_match_path_mismatch
:/Image/TitleView/restore_clicked_dark.svg,Image/TitleView/restore_clicked_dark.svg,bundle_002,117,.svg,946,3a27e09c2bf0f96bccd86b2fe673924148634586ea50d9da393bedb798054d94,3a27e09c2bf0f96bccd86b2fe673924148634586ea50d9da393bedb798054d94,True,font/image asset,file_type_and_path,"[""extension=.svg"", ""non-QML payload under recovered Font/Image asset bundle""]",rcc_valid_no_v2_match
:/Image/TitleView/close_normal_day.svg,Image/TitleView/close_normal_day.svg,bundle_002,118,.svg,1029,0fcf34454a9c5ea22f44d58e20c976f8e18fb15476bc5da64d0281e7fd78d8e7,0fcf34454a9c5ea22f44d58e20c976f8e18fb15476bc5da64d0281e7fd78d8e7,True,font/image asset,file_type_and_path,"[""extension=.svg"", ""non-QML payload under recovered Font/Image asset bundle""]",rcc_valid_no_v2_match
:/Image/TitleView/Arrow_clicked.svg,Image/TitleView/Arrow_clicked.svg,bundle_002,119,.svg,390,4546fceec687a851ab37a78de99406c3cb2933df70e94632a0d64927c5708b62,4546fceec687a851ab37a78de99406c3cb2933df70e94632a0d64927c5708b62,True,font/image asset,file_type_and_path,"[""extension=.svg"", ""non-QML payload under recovered Font/Image asset bundle""]",rcc_valid_no_v2_match
:/Image/TitleView/save_hover_day.svg,Image/TitleView/save_hover_day.svg,bundle_002,120,.svg,722,8280b3aae99e0c8e9d3c32afc907c6073eade907bc8885171c70f0e4638b2348,8280b3aae99e0c8e9d3c32afc907c6073eade907bc8885171c70f0e4638b2348,True,font/image asset,file_type_and_path,"[""extension=.svg"", ""non-QML payload under recovered Font/Image asset bundle""]",rcc_valid_no_v2_match
:/Image/TitleView/restore_normal_day.svg,Image/TitleView/restore_normal_day.svg,bundle_002,121,.svg,1021,806fc04b03295f5d72c4f39745c1d4c443cb4b47914fc866c1ac0a3ac880056c,806fc04b03295f5d72c4f39745c1d4c443cb4b47914fc866c1ac0a3ac880056c,True,font/image asset,file_type_and_path,"[""extension=.svg"", ""non-QML payload under recovered Font/Image asset bundle""]",rcc_valid_no_v2_match
:/Image/TitleView/Light_hover_dark.svg,Image/TitleView/Light_hover_dark.svg,bundle_002,122,.svg,1496,22d360a0da049f69eec28b142acc7eadd1ac55a54b3af65e3802232eedc2fc6f,22d360a0da049f69eec28b142acc7eadd1ac55a54b3af65e3802232eedc2fc6f,True,font/image asset,file_type_and_path,"[""extension=.svg"", ""non-QML payload under recovered Font/Image asset bundle""]",rcc_valid_no_v2_match
:/Image/TitleView/tip_day.png,Image/TitleView/tip_day.png,bundle_002,123,.png,317,6467c3b4289a7dc8691d3e4b6fab7e075496bdacd276907007f1f3e0b19ab349,6467c3b4289a7dc8691d3e4b6fab7e075496bdacd276907007f1f3e0b19ab349,True,font/image asset,file_type_and_path,"[""extension=.png"", ""non-QML payload under recovered Font/Image asset bundle""]",rcc_valid_no_v2_match
:/Image/TitleView/delete_dark_clicked.svg,Image/TitleView/delete_dark_clicked.svg,bundle_002,124,.svg,633,8cde7eb158a03e8270843612f94eba5d1119c7ad8b357bc35b6ac6a7a08fd745,8cde7eb158a03e8270843612f94eba5d1119c7ad8b357bc35b6ac6a7a08fd745,True,font/image asset,file_type_and_path,"[""extension=.svg"", ""non-QML payload under recovered Font/Image asset bundle""]",rcc_valid_no_v2_match
:/Image/TitleView/setting_hover_day.svg,Image/TitleView/setting_hover_day.svg,bundle_002,125,.svg,1374,75d141e1e11ce9ba086c6d841dd920d39641f981c69f8953768196bd22b1519c,75d141e1e11ce9ba086c6d841dd920d39641f981c69f8953768196bd22b1519c,True,font/image asset,file_type_and_path,"[""extension=.svg"", ""non-QML payload under recovered Font/Image asset bundle""]",rcc_valid_no_v2_match
:/Image/TitleView/setting_clicked_dark.svg,Image/TitleView/setting_clicked_dark.svg,bundle_002,126,.svg,1372,6baffc9b08e35860441a855e21cf70d743ca4e0d88f73bb153bf1bb28874c548,6baffc9b08e35860441a855e21cf70d743ca4e0d88f73bb153bf1bb28874c548,True,font/image asset,file_type_and_path,"[""extension=.svg"", ""non-QML payload under recovered Font/Image asset bundle""]",rcc_valid_no_v2_match
:/Image/TitleView/NextStep_stop_dark.svg,Image/TitleView/NextStep_stop_dark.svg,bundle_002,127,.svg,649,ca4c3073589d15815e1e06693bf0b8169d4cbe3557293cad0b822be8c0b56307,ca4c3073589d15815e1e06693bf0b8169d4cbe3557293cad0b822be8c0b56307,True,font/image asset,file_type_and_path,"[""extension=.svg"", ""non-QML payload under recovered Font/Image asset bundle""]",rcc_valid_no_v2_match
:/Image/TitleView/setting_normal_day.svg,Image/TitleView/setting_normal_day.svg,bundle_002,128,.svg,1402,1eebeb3961fa3c4eea4a8f8156d2043ba2cdb15ce0f160447ba7f98df82a63ea,1eebeb3961fa3c4eea4a8f8156d2043ba2cdb15ce0f160447ba7f98df82a63ea,True,font/image asset,file_type_and_path,"[""extension=.svg"", ""non-QML payload under recovered Font/Image asset bundle""]",rcc_valid_no_v2_match
:/Image/TitleView/PreviousStep_normal_day.svg,Image/TitleView/PreviousStep_normal_day.svg,bundle_002,129,.svg,688,f333ab21bc4939ed9945be09c6c4d3d29041b0193bd94b8ebe06881db6b0a384,f333ab21bc4939ed9945be09c6c4d3d29041b0193bd94b8ebe06881db6b0a384,True,font/image asset,file_type_and_path,"[""extension=.svg"", ""non-QML payload under recovered Font/Image asset bundle""]",rcc_valid_no_v2_match
:/Image/TitleView/NextStep_normal_dark.svg,Image/TitleView/NextStep_normal_dark.svg,bundle_002,130,.svg,691,58f7cd1906efcb73cca8a27b4a703bfb2ebbcd6acdb73a2f5f413034cc129da9,58f7cd1906efcb73cca8a27b4a703bfb2ebbcd6acdb73a2f5f413034cc129da9,True,font/image asset,file_type_and_path,"[""extension=.svg"", ""non-QML payload under recovered Font/Image asset bundle""]",rcc_valid_no_v2_match
:/Image/TitleView/about_image_dark.svg,Image/TitleView/about_image_dark.svg,bundle_002,131,.svg,1108,c5e9bc32e1d97a2985a84a6e29fc5ff43d9b015edfdbd1112bd9bd28c2fac622,c5e9bc32e1d97a2985a84a6e29fc5ff43d9b015edfdbd1112bd9bd28c2fac622,True,font/image asset,file_type_and_path,"[""extension=.svg"", ""non-QML payload under recovered Font/Image asset bundle""]",rcc_valid_no_v2_match
:/Image/TitleView/delete_dark_hoverd.svg,Image/TitleView/delete_dark_hoverd.svg,bundle_002,132,.svg,633,3378c860f65f443a662a487bab8a7c978cecde34e04254d1d095637f75ff365a,3378c860f65f443a662a487bab8a7c978cecde34e04254d1d095637f75ff365a,True,font/image asset,file_type_and_path,"[""extension=.svg"", ""non-QML payload under recovered Font/Image asset bundle""]",rcc_valid_no_v2_match
:/Image/TitleView/copy_dark.svg,Image/TitleView/copy_dark.svg,bundle_002,133,.svg,548,5cf6e6fbdf7f032e76ae3ede211e78b9a40bab324d9af2835560cf36738503c5,5cf6e6fbdf7f032e76ae3ede211e78b9a40bab324d9af2835560cf36738503c5,True,font/image asset,file_type_and_path,"[""extension=.svg"", ""non-QML payload under recovered Font/Image asset bundle""]",rcc_valid_no_v2_match
:/Image/TitleView/moon_clicked_day.svg,Image/TitleView/moon_clicked_day.svg,bundle_002,134,.svg,1254,33530dc57daada6c7a49f883f8438958e4c003b4feecb51c2b3b5df223ee7de8,33530dc57daada6c7a49f883f8438958e4c003b4feecb51c2b3b5df223ee7de8,True,font/image asset,file_type_and_path,"[""extension=.svg"", ""non-QML payload under recovered Font/Image asset bundle""]",rcc_valid_no_v2_match
:/Image/TitleView/deleteConfigure_day.svg,Image/TitleView/deleteConfigure_day.svg,bundle_002,135,.svg,571,93a828d982bcfcd8e06425a0be3d1b1419647350d3b46f33958ff12ea7fbfd41,93a828d982bcfcd8e06425a0be3d1b1419647350d3b46f33958ff12ea7fbfd41,True,font/image asset,file_type_and_path,"[""extension=.svg"", ""non-QML payload under recovered Font/Image asset bundle""]",rcc_valid_no_v2_match
:/Image/TitleView/switch_hover_day.svg,Image/TitleView/switch_hover_day.svg,bundle_002,136,.svg,390,79a5cd619590712c3c3c6ba56936dc0cd53c27cbf8e0812c0f42fb8d484c3bca,79a5cd619590712c3c3c6ba56936dc0cd53c27cbf8e0812c0f42fb8d484c3bca,True,font/image asset,file_type_and_path,"[""extension=.svg"", ""non-QML payload under recovered Font/Image asset bundle""]",rcc_valid_no_v2_match
:/Image/TitleView/close_hover_day.svg,Image/TitleView/close_hover_day.svg,bundle_002,137,.svg,1001,cc745251024fba44ff0df898879f43eb95f2f5440f876640808a63da4143fb1d,cc745251024fba44ff0df898879f43eb95f2f5440f876640808a63da4143fb1d,True,font/image asset,file_type_and_path,"[""extension=.svg"", ""non-QML payload under recovered Font/Image asset bundle""]",rcc_valid_no_v2_match
:/Image/TitleView/convertConfigure_clicked_day.svg,Image/TitleView/convertConfigure_clicked_day.svg,bundle_002,138,.svg,934,cb6fa0d4db9f08df675283d93a8effad69a74e16bf1c4e147b532072988a224e,cb6fa0d4db9f08df675283d93a8effad69a74e16bf1c4e147b532072988a224e,True,font/image asset,file_type_and_path,"[""extension=.svg"", ""non-QML payload under recovered Font/Image asset bundle""]",rcc_valid_no_v2_match
:/Image/TitleView/zoomout_h.svg,Image/TitleView/zoomout_h.svg,bundle_002,139,.svg,1168,0008c0e12f1bb38a442bd657e00e561492f8519e17729a30781a45ba537260b0,0008c0e12f1bb38a442bd657e00e561492f8519e17729a30781a45ba537260b0,True,font/image asset,file_type_and_path,"[""extension=.svg"", ""non-QML payload under recovered Font/Image asset bundle""]",rcc_valid_no_v2_match
:/Image/TitleView/qRcode_image.png,Image/TitleView/qRcode_image.png,bundle_002,140,.png,14548,afa96049bc0a810626167fb0eff482faee24acd0c9164f98f82ff26980dbd171,afa96049bc0a810626167fb0eff482faee24acd0c9164f98f82ff26980dbd171,True,font/image asset,file_type_and_path,"[""extension=.png"", ""non-QML payload under recovered Font/Image asset bundle""]",rcc_valid_no_v2_match
:/Image/TitleView/about_image_day.svg,Image/TitleView/about_image_day.svg,bundle_002,141,.svg,1108,01ed54bce284c4e3a5394ad2827bd2b6c5adf7cec61f970081026530053c24b2,01ed54bce284c4e3a5394ad2827bd2b6c5adf7cec61f970081026530053c24b2,True,font/image asset,file_type_and_path,"[""extension=.svg"", ""non-QML payload under recovered Font/Image asset bundle""]",rcc_valid_no_v2_match
:/Image/TitleView/newVersion_normal.svg,Image/TitleView/newVersion_normal.svg,bundle_002,142,.svg,669,95a195dc90aa108673e86841074ba7bb213d66b4b6d80a29dfd890210891fecb,95a195dc90aa108673e86841074ba7bb213d66b4b6d80a29dfd890210891fecb,True,font/image asset,file_type_and_path,"[""extension=.svg"", ""non-QML payload under recovered Font/Image asset bundle""]",rcc_valid_no_v2_match
:/Image/TitleView/NextStep_hover_dark.svg,Image/TitleView/NextStep_hover_dark.svg,bundle_002,143,.svg,684,713551acc4e68d74e4ed71ea534f751bf2e9aab34226189ac3f795ca05564cbf,713551acc4e68d74e4ed71ea534f751bf2e9aab34226189ac3f795ca05564cbf,True,font/image asset,file_type_and_path,"[""extension=.svg"", ""non-QML payload under recovered Font/Image asset bundle""]",rcc_valid_no_v2_match
:/Image/TitleView/Light_normal_dark.svg,Image/TitleView/Light_normal_dark.svg,bundle_002,144,.svg,1496,22d360a0da049f69eec28b142acc7eadd1ac55a54b3af65e3802232eedc2fc6f,22d360a0da049f69eec28b142acc7eadd1ac55a54b3af65e3802232eedc2fc6f,True,font/image asset,file_type_and_path,"[""extension=.svg"", ""non-QML payload under recovered Font/Image asset bundle""]",rcc_valid_no_v2_match
:/Image/TitleView/delete_dark.svg,Image/TitleView/delete_dark.svg,bundle_002,145,.svg,627,78c004eb6f1a0b8ccd29bd043776d9d026be9380ea69519ee3be4b8be2961605,78c004eb6f1a0b8ccd29bd043776d9d026be9380ea69519ee3be4b8be2961605,True,font/image asset,file_type_and_path,"[""extension=.svg"", ""non-QML payload under recovered Font/Image asset bundle""]",rcc_valid_no_v2_match
:/Image/TitleView/homePage_normal_day.svg,Image/TitleView/homePage_normal_day.svg,bundle_002,146,.svg,988,f81c11981016532aa3c7f22065d425db9610cdbd205b568d06a87d1cd8b0c660,f81c11981016532aa3c7f22065d425db9610cdbd205b568d06a87d1cd8b0c660,True,font/image asset,file_type_and_path,"[""extension=.svg"", ""non-QML payload under recovered Font/Image asset bundle""]",rcc_valid_no_v2_match
:/Image/TitleView/update_dark.svg,Image/TitleView/update_dark.svg,bundle_002,147,.svg,722,f2f76c88aa35432b85ff3e658ed72eac23f1fe112b0834701dca8ad74e178d14,f2f76c88aa35432b85ff3e658ed72eac23f1fe112b0834701dca8ad74e178d14,True,font/image asset,file_type_and_path,"[""extension=.svg"", ""non-QML payload under recovered Font/Image asset bundle""]",rcc_valid_no_v2_match
:/Image/TitleView/restore_clicked_day.svg,Image/TitleView/restore_clicked_day.svg,bundle_002,148,.svg,953,a70cd2db9d49bd5e3d535f32c8e1a6526cb7d977f5a0751d29cd9b20dc63cb4c,a70cd2db9d49bd5e3d535f32c8e1a6526cb7d977f5a0751d29cd9b20dc63cb4c,True,font/image asset,file_type_and_path,"[""extension=.svg"", ""non-QML payload under recovered Font/Image asset bundle""]",rcc_valid_no_v2_match
:/Image/TitleView/profile_clicked_dark.svg,Image/TitleView/profile_clicked_dark.svg,bundle_002,149,.svg,1092,2d05d685a78ab1c45105d9abdd9905a687448eadf45bbc71a0b46c03108a7e9e,2d05d685a78ab1c45105d9abdd9905a687448eadf45bbc71a0b46c03108a7e9e,True,font/image asset,file_type_and_path,"[""extension=.svg"", ""non-QML payload under recovered Font/Image asset bundle""]",rcc_valid_no_v2_match
:/Image/TitleView/convertConfigure_hover_dark.svg,Image/TitleView/convertConfigure_hover_dark.svg,bundle_002,150,.svg,934,5c3a363b0ee41f66319b2da611afc587d0d89f0a9fe2f08e7b861bcce7638e5c,5c3a363b0ee41f66319b2da611afc587d0d89f0a9fe2f08e7b861bcce7638e5c,True,font/image asset,file_type_and_path,"[""extension=.svg"", ""non-QML payload under recovered Font/Image asset bundle""]",rcc_valid_no_v2_match
:/Image/TitleView/minus_normal_dark.svg,Image/TitleView/minus_normal_dark.svg,bundle_002,151,.svg,911,6436fcddae199c7c30bcd2e0f8ef65dc88fb58b3969ab87729441651502f47bb,6436fcddae199c7c30bcd2e0f8ef65dc88fb58b3969ab87729441651502f47bb,True,font/image asset,file_type_and_path,"[""extension=.svg"", ""non-QML payload under recovered Font/Image asset bundle""]",rcc_valid_no_v2_match
:/Image/TitleView/nologinHead.svg,Image/TitleView/nologinHead.svg,bundle_002,152,.svg,637,ca3b4133edf0d587bfbc1cdb0ed759d92e179bf6cffc77502a1c7dcb505a1850,ca3b4133edf0d587bfbc1cdb0ed759d92e179bf6cffc77502a1c7dcb505a1850,True,font/image asset,file_type_and_path,"[""extension=.svg"", ""non-QML payload under recovered Font/Image asset bundle""]",rcc_valid_no_v2_match
:/Image/TitleView/convertConfigure_hover_day.svg,Image/TitleView/convertConfigure_hover_day.svg,bundle_002,153,.svg,934,cb41cecb20545ff613e3cb38acd21119d7f952fbfb69e9ef480b878157517cba,cb41cecb20545ff613e3cb38acd21119d7f952fbfb69e9ef480b878157517cba,True,font/image asset,file_type_and_path,"[""extension=.svg"", ""non-QML payload under recovered Font/Image asset bundle""]",rcc_valid_no_v2_match
:/Image/TitleView/homePage_hover_day.svg,Image/TitleView/homePage_hover_day.svg,bundle_002,154,.svg,1049,2fe8c7d8c25fa2f354439a5570387f920d3c862eafc13a4118b234695614fff0,2fe8c7d8c25fa2f354439a5570387f920d3c862eafc13a4118b234695614fff0,True,font/image asset,file_type_and_path,"[""extension=.svg"", ""non-QML payload under recovered Font/Image asset bundle""]",rcc_valid_no_v2_match
:/Image/TitleView/configure_keyboard_img.svg,Image/TitleView/configure_keyboard_img.svg,bundle_002,155,.svg,1129,c0b54d2ae05814adac31056cd79fe9b65165e069bdba05c77d6d1233dc784f02,c0b54d2ae05814adac31056cd79fe9b65165e069bdba05c77d6d1233dc784f02,True,font/image asset,file_type_and_path,"[""extension=.svg"", ""non-QML payload under recovered Font/Image asset bundle""]",rcc_valid_no_v2_match
:/Image/TitleView/save_clicked_dark.svg,Image/TitleView/save_clicked_dark.svg,bundle_002,156,.svg,722,724d0f4b9dbe87708584dcb6ca6d7cb7169a73aada80a6c9ec17b2916bc527a6,724d0f4b9dbe87708584dcb6ca6d7cb7169a73aada80a6c9ec17b2916bc527a6,True,font/image asset,file_type_and_path,"[""extension=.svg"", ""non-QML payload under recovered Font/Image asset bundle""]",rcc_valid_no_v2_match
:/Image/TitleView/restore_hover_day.svg,Image/TitleView/restore_hover_day.svg,bundle_002,157,.svg,952,cfcbfcfb231fb8616f137cd40d3f85f0f0283096a391f1a6921ae3cdbd4c2b69,cfcbfcfb231fb8616f137cd40d3f85f0f0283096a391f1a6921ae3cdbd4c2b69,True,font/image asset,file_type_and_path,"[""extension=.svg"", ""non-QML payload under recovered Font/Image asset bundle""]",rcc_valid_no_v2_match
:/Image/TitleView/pairStepThree_day.svg,Image/TitleView/pairStepThree_day.svg,bundle_002,158,.svg,9163,746d611ff61cbb4106c76fa8136bec0876ddcd9eac36f232582e8fe3ef5662d1,746d611ff61cbb4106c76fa8136bec0876ddcd9eac36f232582e8fe3ef5662d1,True,font/image asset,file_type_and_path,"[""extension=.svg"", ""non-QML payload under recovered Font/Image asset bundle""]",rcc_valid_no_v2_match
:/Image/TitleView/list_dark.svg,Image/TitleView/list_dark.svg,bundle_002,159,.svg,569,9aba275e9980356ca7586e7414b2873031679b159b0c05a97934121ecccac260,9aba275e9980356ca7586e7414b2873031679b159b0c05a97934121ecccac260,True,font/image asset,file_type_and_path,"[""extension=.svg"", ""non-QML payload under recovered Font/Image asset bundle""]",rcc_valid_no_v2_match
:/Image/TitleView/Arrow_normal.svg,Image/TitleView/Arrow_normal.svg,bundle_002,160,.svg,390,87f0ee09a77076fc828b5157ef5ed62b6f61d21c2b7da5172e994d2afa546238,87f0ee09a77076fc828b5157ef5ed62b6f61d21c2b7da5172e994d2afa546238,True,font/image asset,file_type_and_path,"[""extension=.svg"", ""non-QML payload under recovered Font/Image asset bundle""]",rcc_valid_no_v2_match
:/Image/TitleView/minus_clicked_dark.svg,Image/TitleView/minus_clicked_dark.svg,bundle_002,161,.svg,877,55ae77bc722e5ffa4687dc1be35a8e8e1fca0e7c897a33ff5f8b871dd164ee9d,55ae77bc722e5ffa4687dc1be35a8e8e1fca0e7c897a33ff5f8b871dd164ee9d,True,font/image asset,file_type_and_path,"[""extension=.svg"", ""non-QML payload under recovered Font/Image asset bundle""]",rcc_valid_no_v2_match
:/Image/TitleView/convertConfigure_normal_day.svg,Image/TitleView/convertConfigure_normal_day.svg,bundle_002,162,.svg,947,6e1a1543150994de683cfec9fe165e9d283bfab39cf9a12129c00b36aea9ae11,6e1a1543150994de683cfec9fe165e9d283bfab39cf9a12129c00b36aea9ae11,True,font/image asset,file_type_and_path,"[""extension=.svg"", ""non-QML payload under recovered Font/Image asset bundle""]",rcc_valid_no_v2_match
:/Image/TitleView/weixin.svg,Image/TitleView/weixin.svg,bundle_002,163,.svg,2531,804958f36420196c19f1caf548507cf07f723792271c4bf1c8166ebe0f283d4e,804958f36420196c19f1caf548507cf07f723792271c4bf1c8166ebe0f283d4e,True,font/image asset,file_type_and_path,"[""extension=.svg"", ""non-QML payload under recovered Font/Image asset bundle""]",rcc_valid_no_v2_match
:/Image/TitleView/contactus_image_day.svg,Image/TitleView/contactus_image_day.svg,bundle_002,164,.svg,608,7d90c79f38401499968614e41156e5c7f447d018542cf323a60e4b64baaa920f,7d90c79f38401499968614e41156e5c7f447d018542cf323a60e4b64baaa920f,True,font/image asset,file_type_and_path,"[""extension=.svg"", ""non-QML payload under recovered Font/Image asset bundle""]",rcc_valid_no_v2_match
:/Image/TitleView/switch_clicked_day.svg,Image/TitleView/switch_clicked_day.svg,bundle_002,165,.svg,390,12cca8448c6e3eeeac6f868b70aec82236de5963bda9e487774a18365464537b,12cca8448c6e3eeeac6f868b70aec82236de5963bda9e487774a18365464537b,True,font/image asset,file_type_and_path,"[""extension=.svg"", ""non-QML payload under recovered Font/Image asset bundle""]",rcc_valid_no_v2_match
:/Image/TitleView/close_clicked_day.svg,Image/TitleView/close_clicked_day.svg,bundle_002,166,.svg,1001,65d737080c3f8208a4cf402cb7659c3d35dcbec2c61b4d4b126082f33b2b09ab,65d737080c3f8208a4cf402cb7659c3d35dcbec2c61b4d4b126082f33b2b09ab,True,font/image asset,file_type_and_path,"[""extension=.svg"", ""non-QML payload under recovered Font/Image asset bundle""]",rcc_valid_no_v2_match
:/Image/TitleView/newVersion_hover.svg,Image/TitleView/newVersion_hover.svg,bundle_002,167,.svg,663,747845e58b497b85d4d7225235cba564c95656788a65103490e58eb95552c8ed,747845e58b497b85d4d7225235cba564c95656788a65103490e58eb95552c8ed,True,font/image asset,file_type_and_path,"[""extension=.svg"", ""non-QML payload under recovered Font/Image asset bundle""]",rcc_valid_no_v2_match
:/Image/TitleView/pairStepTwo_mouse_day.svg,Image/TitleView/pairStepTwo_mouse_day.svg,bundle_002,168,.svg,10720,db3f3fd08fa8100d302f2ef249e18a004af80eee3c21e32971e29cd34d36d73c,db3f3fd08fa8100d302f2ef249e18a004af80eee3c21e32971e29cd34d36d73c,True,font/image asset,file_type_and_path,"[""extension=.svg"", ""non-QML payload under recovered Font/Image asset bundle""]",rcc_valid_v2_hash_match_path_mismatch
:/Image/TitleView/password_day.svg,Image/TitleView/password_day.svg,bundle_002,169,.svg,479,be09349504ba10973242b1fee06b0562e04fb13e5f5e9d47c9d67f6283e222be,be09349504ba10973242b1fee06b0562e04fb13e5f5e9d47c9d67f6283e222be,True,font/image asset,file_type_and_path,"[""extension=.svg"", ""non-QML payload under recovered Font/Image asset bundle""]",rcc_valid_no_v2_match
:/Image/TitleView/addConfigure_day.svg,Image/TitleView/addConfigure_day.svg,bundle_002,170,.svg,382,226ad7d64a1a2ab7d7a9a931065124ae843639c27a77bea30039a83b5170b5da,226ad7d64a1a2ab7d7a9a931065124ae843639c27a77bea30039a83b5170b5da,True,font/image asset,file_type_and_path,"[""extension=.svg"", ""non-QML payload under recovered Font/Image asset bundle""]",rcc_valid_no_v2_match
:/Image/TitleView/add_configure_hover.svg,Image/TitleView/add_configure_hover.svg,bundle_002,171,.svg,503,e22b4ace23c66b8b691ffb0fa511ead40cd9a881e23245a0c1c338c49e242795,e22b4ace23c66b8b691ffb0fa511ead40cd9a881e23245a0c1c338c49e242795,True,font/image asset,file_type_and_path,"[""extension=.svg"", ""non-QML payload under recovered Font/Image asset bundle""]",rcc_valid_no_v2_match
:/Image/TitleView/qRcode_rapoo_image.png,Image/TitleView/qRcode_rapoo_image.png,bundle_002,172,.png,18331,18058b210bcabb8234aa3b8e57ec17cb3ebab200e483ea88615bb05417e38eb5,18058b210bcabb8234aa3b8e57ec17cb3ebab200e483ea88615bb05417e38eb5,True,font/image asset,file_type_and_path,"[""extension=.png"", ""non-QML payload under recovered Font/Image asset bundle""]",rcc_valid_no_v2_match
:/Image/TitleView/homePage_hover_dark.svg,Image/TitleView/homePage_hover_dark.svg,bundle_002,173,.svg,1049,620dec2f91962f9fab462a37e3bcb71ae60a236960cc1f855e110266fbc5bbb5,620dec2f91962f9fab462a37e3bcb71ae60a236960cc1f855e110266fbc5bbb5,True,font/image asset,file_type_and_path,"[""extension=.svg"", ""non-QML payload under recovered Font/Image asset bundle""]",rcc_valid_no_v2_match
:/Image/TitleView/Light_hover_day.svg,Image/TitleView/Light_hover_day.svg,bundle_002,174,.svg,1495,63ed9f13833bc0660eda8799083f58f4bccba43bcd2ce01649e13eb60d1908f2,63ed9f13833bc0660eda8799083f58f4bccba43bcd2ce01649e13eb60d1908f2,True,font/image asset,file_type_and_path,"[""extension=.svg"", ""non-QML payload under recovered Font/Image asset bundle""]",rcc_valid_no_v2_match
:/Image/TitleView/NextStep_normal_day.svg,Image/TitleView/NextStep_normal_day.svg,bundle_002,175,.svg,696,867ce906ff106eac1123083a733bfece5bbfe6df42d338508a259cd0b5c7a710,867ce906ff106eac1123083a733bfece5bbfe6df42d338508a259cd0b5c7a710,True,font/image asset,file_type_and_path,"[""extension=.svg"", ""non-QML payload under recovered Font/Image asset bundle""]",rcc_valid_no_v2_match
:/Image/Settings/close_normal.svg,Image/Settings/close_normal.svg,bundle_002,7,.svg,337,5e29f400276c469e118171cd577a8fcaa37c1eda7e34e718d575effb616b0855,5e29f400276c469e118171cd577a8fcaa37c1eda7e34e718d575effb616b0855,True,font/image asset,file_type_and_path,"[""extension=.svg"", ""non-QML payload under recovered Font/Image asset bundle""]",rcc_valid_no_v2_match
:/Image/Settings/arror_clicked.svg,Image/Settings/arror_clicked.svg,bundle_002,8,.svg,232,f3293cee6f259d28c8bdbc6d35c0894c0c39baaf56c4651da36692e3b73fea17,f3293cee6f259d28c8bdbc6d35c0894c0c39baaf56c4651da36692e3b73fea17,True,font/image asset,file_type_and_path,"[""extension=.svg"", ""non-QML payload under recovered Font/Image asset bundle""]",rcc_valid_no_v2_match
:/Image/Settings/doubao_icon.png,Image/Settings/doubao_icon.png,bundle_002,9,.png,1183,aeaafee8e0fe544f74a46f2adfade06d6e9bc286e4f026545e0e1f679b689a38,aeaafee8e0fe544f74a46f2adfade06d6e9bc286e4f026545e0e1f679b689a38,True,font/image asset,file_type_and_path,"[""extension=.png"", ""non-QML payload under recovered Font/Image asset bundle""]",rcc_valid_no_v2_match
:/Image/Settings/SmartKey_AI.svg,Image/Settings/SmartKey_AI.svg,bundle_002,10,.svg,8340,2f29b83018361def6347fabc34858810bc212a96934e7d72c0d02d1673527666,2f29b83018361def6347fabc34858810bc212a96934e7d72c0d02d1673527666,True,font/image asset,file_type_and_path,"[""extension=.svg"", ""non-QML payload under recovered Font/Image asset bundle""]",rcc_valid_no_v2_match
:/Image/Settings/updateTip.png,Image/Settings/updateTip.png,bundle_002,11,.png,525,ae499ae082794bc2f3855252008e2387f173dc3b40628fc4aef8821621c965ae,ae499ae082794bc2f3855252008e2387f173dc3b40628fc4aef8821621c965ae,True,font/image asset,file_type_and_path,"[""extension=.png"", ""non-QML payload under recovered Font/Image asset bundle""]",rcc_valid_no_v2_match
:/Image/Settings/updateTip.svg,Image/Settings/updateTip.svg,bundle_002,12,.svg,513,9b509bf54e4394c71487c2b59be70cedef3c5e08dc7b950b004d5e5669b30338,9b509bf54e4394c71487c2b59be70cedef3c5e08dc7b950b004d5e5669b30338,True,font/image asset,file_type_and_path,"[""extension=.svg"", ""non-QML payload under recovered Font/Image asset bundle""]",rcc_valid_no_v2_match
:/Image/Settings/checkbox_open.svg,Image/Settings/checkbox_open.svg,bundle_002,13,.svg,316,89a5f8c28c2e2d7fea56e578039b269b1563c3646b9285dbb10e9a52c75ec60d,89a5f8c28c2e2d7fea56e578039b269b1563c3646b9285dbb10e9a52c75ec60d,True,font/image asset,file_type_and_path,"[""extension=.svg"", ""non-QML payload under recovered Font/Image asset bundle""]",rcc_valid_no_v2_match
:/Image/Settings/Software_icon.svg,Image/Settings/Software_icon.svg,bundle_002,14,.svg,23120,3ec754912466e03d3d454871c0be0bbf5bb005bdc636053884c413a290da8f16,3ec754912466e03d3d454871c0be0bbf5bb005bdc636053884c413a290da8f16,True,font/image asset,file_type_and_path,"[""extension=.svg"", ""non-QML payload under recovered Font/Image asset bundle""]",rcc_valid_v2_hash_match_path_mismatch
:/Image/Settings/Software_icon.png,Image/Settings/Software_icon.png,bundle_002,15,.png,951,523b40523c3c542dbf25aa3ec00789a1ebd9a5cca11a5cf537e22c08961d212b,523b40523c3c542dbf25aa3ec00789a1ebd9a5cca11a5cf537e22c08961d212b,True,font/image asset,file_type_and_path,"[""extension=.png"", ""non-QML payload under recovered Font/Image asset bundle""]",rcc_valid_no_v2_match
:/Image/Settings/qianwen_icon.png,Image/Settings/qianwen_icon.png,bundle_002,16,.png,1131,426370c4325d8c7038722ddb48991361c43e72e4163066366b4181c3df167c26,426370c4325d8c7038722ddb48991361c43e72e4163066366b4181c3df167c26,True,font/image asset,file_type_and_path,"[""extension=.png"", ""non-QML payload under recovered Font/Image asset bundle""]",rcc_valid_no_v2_match
:/Image/Settings/close_clicked.svg,Image/Settings/close_clicked.svg,bundle_002,17,.svg,337,16be6ac534dc9aa92185dc7f65fb61723e3a5f6568a7f1feb148764806ba22ae,16be6ac534dc9aa92185dc7f65fb61723e3a5f6568a7f1feb148764806ba22ae,True,font/image asset,file_type_and_path,"[""extension=.svg"", ""non-QML payload under recovered Font/Image asset bundle""]",rcc_valid_no_v2_match
:/Image/Settings/SmartAI.png,Image/Settings/SmartAI.png,bundle_002,18,.png,2816,ef674501120c3e7b4adf17150dc704f5cf8049b845257d0f7994fcc26ccdd3fc,ef674501120c3e7b4adf17150dc704f5cf8049b845257d0f7994fcc26ccdd3fc,True,font/image asset,file_type_and_path,"[""extension=.png"", ""non-QML payload under recovered Font/Image asset bundle""]",rcc_valid_no_v2_match
:/Image/Settings/close_hot.svg,Image/Settings/close_hot.svg,bundle_002,19,.svg,337,687c647907cf4859da768d32b37ef3d06ebd1b2de31c227268e7cff135181f5d,687c647907cf4859da768d32b37ef3d06ebd1b2de31c227268e7cff135181f5d,True,font/image asset,file_type_and_path,"[""extension=.svg"", ""non-QML payload under recovered Font/Image asset bundle""]",rcc_valid_no_v2_match
:/Image/Settings/refresh_icon.svg,Image/Settings/refresh_icon.svg,bundle_002,20,.svg,785,667fdd0ab304583fa6683e484d1d4b9cdc380826697a012aa9caa79b021dd020,667fdd0ab304583fa6683e484d1d4b9cdc380826697a012aa9caa79b021dd020,True,font/image asset,file_type_and_path,"[""extension=.svg"", ""non-QML payload under recovered Font/Image asset bundle""]",rcc_valid_no_v2_match
:/Image/Settings/deepseek_icon.png,Image/Settings/deepseek_icon.png,bundle_002,21,.png,890,4d22851f71912e50c7f3313af3e2a04f45296402998df0fe352a8a672ee790a6,4d22851f71912e50c7f3313af3e2a04f45296402998df0fe352a8a672ee790a6,True,font/image asset,file_type_and_path,"[""extension=.png"", ""non-QML payload under recovered Font/Image asset bundle""]",rcc_valid_no_v2_match
:/Image/Settings/checkbox_close.svg,Image/Settings/checkbox_close.svg,bundle_002,22,.svg,317,1c24cd03f771825b712aac200d1e43a3bddea61d5a60101447589b9eb9e0abbe,1c24cd03f771825b712aac200d1e43a3bddea61d5a60101447589b9eb9e0abbe,True,font/image asset,file_type_and_path,"[""extension=.svg"", ""non-QML payload under recovered Font/Image asset bundle""]",rcc_valid_no_v2_match
:/Image/Settings/arror_hot.svg,Image/Settings/arror_hot.svg,bundle_002,23,.svg,231,c1c76964060070c3a819196ca55ba14f90a14dff99d6d1692fd1df6aa673f728,c1c76964060070c3a819196ca55ba14f90a14dff99d6d1692fd1df6aa673f728,True,font/image asset,file_type_and_path,"[""extension=.svg"", ""non-QML payload under recovered Font/Image asset bundle""]",rcc_valid_no_v2_match
:/Image/Settings/arror_normal.svg,Image/Settings/arror_normal.svg,bundle_002,24,.svg,231,09ad94a9fd686adf92b070c49f3b7a811388fb727ef8c354a6a793929cb0d988,09ad94a9fd686adf92b070c49f3b7a811388fb727ef8c354a6a793929cb0d988,True,font/image asset,file_type_and_path,"[""extension=.svg"", ""non-QML payload under recovered Font/Image asset bundle""]",rcc_valid_no_v2_match
:/Image/Settings/chatgpt_icon.png,Image/Settings/chatgpt_icon.png,bundle_002,25,.png,1219,f5706a093407f8b7f5dacc33eed194ed22304af162acecb06f82d1b1f492a1be,f5706a093407f8b7f5dacc33eed194ed22304af162acecb06f82d1b1f492a1be,True,font/image asset,file_type_and_path,"[""extension=.png"", ""non-QML payload under recovered Font/Image asset bundle""]",rcc_valid_no_v2_match
